architecture,method,metric,block,B
TinyCNN,contrast,centered_logit_fidelity,4000,0.31221882584665644
TinyCNN,contrast,centered_logit_fidelity,4001,0.2366981207342042
TinyCNN,contrast,centered_logit_fidelity,4002,0.12828250412757464
TinyCNN,contrast,centered_logit_fidelity,4003,0.33996598407765927
TinyCNN,contrast,centered_logit_fidelity,4004,0.07444624723371585
TinyCNN,contrast,centered_logit_fidelity,4005,0.18631309460023276
TinyCNN,contrast,centered_logit_fidelity,4006,0.08076174546098164
TinyCNN,contrast,centered_logit_fidelity,4007,0.10579529289633599
TinyCNN,contrast,centered_logit_fidelity,4008,0.08545035165670484
TinyCNN,contrast,centered_logit_fidelity,4009,0.2275563514799871
TinyCNN,contrast,centered_logit_fidelity,4010,0.006751942153661927
TinyCNN,contrast,centered_logit_fidelity,4011,0.22738705180381436
TinyCNN,contrast,centered_logit_fidelity,4012,0.31458549242059647
TinyCNN,contrast,centered_logit_fidelity,4013,0.10273581568529816
TinyCNN,contrast,centered_logit_fidelity,4014,0.04323468069751457
TinyCNN,contrast,centered_logit_fidelity,4015,0.26656881692942197
TinyCNN,contrast,centered_logit_fidelity,4016,0.1914742488388157
TinyCNN,contrast,centered_logit_fidelity,4017,0.19080775080893225
TinyCNN,contrast,centered_logit_fidelity,4018,0.3970375487514982
TinyCNN,contrast,centered_logit_fidelity,4019,0.0595515479904255
TinyCNN,auroc,centered_logit_fidelity,4000,0.15520785325702574
TinyCNN,auroc,centered_logit_fidelity,4001,0.22923783632355255
TinyCNN,auroc,centered_logit_fidelity,4002,0.2405420158098321
TinyCNN,auroc,centered_logit_fidelity,4003,0.2344905166041425
TinyCNN,auroc,centered_logit_fidelity,4004,0.24819354037551133
TinyCNN,auroc,centered_logit_fidelity,4005,0.04119421614207536
TinyCNN,auroc,centered_logit_fidelity,4006,0.14915613960419571
TinyCNN,auroc,centered_logit_fidelity,4007,0.19138250060692752
TinyCNN,auroc,centered_logit_fidelity,4008,0.14800859899688135
TinyCNN,auroc,centered_logit_fidelity,4009,0.10510676150644938
TinyCNN,auroc,centered_logit_fidelity,4010,-0.013270231439075408
TinyCNN,auroc,centered_logit_fidelity,4011,0.22738705180381436
TinyCNN,auroc,centered_logit_fidelity,4012,0.31438538540228056
TinyCNN,auroc,centered_logit_fidelity,4013,0.09576212691740316
TinyCNN,auroc,centered_logit_fidelity,4014,-0.04378038785368821
TinyCNN,auroc,centered_logit_fidelity,4015,0.014921556882949882
TinyCNN,auroc,centered_logit_fidelity,4016,0.08368118003543062
TinyCNN,auroc,centered_logit_fidelity,4017,0.20275342958174353
TinyCNN,auroc,centered_logit_fidelity,4018,0.15934817176260407
TinyCNN,auroc,centered_logit_fidelity,4019,0.14116960056203653
TinyCNN,validation_patch,centered_logit_fidelity,4000,0.0975765326479261
TinyCNN,validation_patch,centered_logit_fidelity,4001,0.11834661628879012
TinyCNN,validation_patch,centered_logit_fidelity,4002,0.12343748909554986
TinyCNN,validation_patch,centered_logit_fidelity,4003,0.18000395555096643
TinyCNN,validation_patch,centered_logit_fidelity,4004,0.0622201640131152
TinyCNN,validation_patch,centered_logit_fidelity,4005,0.13361986609552495
TinyCNN,validation_patch,centered_logit_fidelity,4006,0.12554030366088403
TinyCNN,validation_patch,centered_logit_fidelity,4007,0.09862448838211962
TinyCNN,validation_patch,centered_logit_fidelity,4008,0.09205123862724873
TinyCNN,validation_patch,centered_logit_fidelity,4009,0.09611839850418746
TinyCNN,validation_patch,centered_logit_fidelity,4010,0.08370034178871355
TinyCNN,validation_patch,centered_logit_fidelity,4011,0.1256294503698534
TinyCNN,validation_patch,centered_logit_fidelity,4012,0.05092562927379557
TinyCNN,validation_patch,centered_logit_fidelity,4013,0.07932361927966824
TinyCNN,validation_patch,centered_logit_fidelity,4014,0.047768207638755
TinyCNN,validation_patch,centered_logit_fidelity,4015,0.12716666206757765
TinyCNN,validation_patch,centered_logit_fidelity,4016,0.06754493650121585
TinyCNN,validation_patch,centered_logit_fidelity,4017,0.07591100812272661
TinyCNN,validation_patch,centered_logit_fidelity,4018,0.14083758688971715
TinyCNN,validation_patch,centered_logit_fidelity,4019,0.0568859950461999
TwoLayerCNN,contrast,centered_logit_fidelity,4000,-0.060551571282615235
TwoLayerCNN,contrast,centered_logit_fidelity,4001,0.01254536134494283
TwoLayerCNN,contrast,centered_logit_fidelity,4002,-0.012589537066704626
TwoLayerCNN,contrast,centered_logit_fidelity,4003,0.014746700292136983
TwoLayerCNN,contrast,centered_logit_fidelity,4004,-0.04037842965603389
TwoLayerCNN,contrast,centered_logit_fidelity,4005,-0.03079656811936693
TwoLayerCNN,contrast,centered_logit_fidelity,4006,0.03136770869478833
TwoLayerCNN,contrast,centered_logit_fidelity,4007,0.07576778927645705
TwoLayerCNN,contrast,centered_logit_fidelity,4008,-0.09148312259710706
TwoLayerCNN,contrast,centered_logit_fidelity,4009,-0.014709490407240788
TwoLayerCNN,contrast,centered_logit_fidelity,4010,0.16141082111483662
TwoLayerCNN,contrast,centered_logit_fidelity,4011,-0.040740224496286837
TwoLayerCNN,contrast,centered_logit_fidelity,4012,0.046632720785926396
TwoLayerCNN,contrast,centered_logit_fidelity,4013,0.024222319686537985
TwoLayerCNN,contrast,centered_logit_fidelity,4014,0.022034961234449146
TwoLayerCNN,contrast,centered_logit_fidelity,4015,-0.05013338719873023
TwoLayerCNN,contrast,centered_logit_fidelity,4016,-0.10467799875889267
TwoLayerCNN,contrast,centered_logit_fidelity,4017,0.046739672566396495
TwoLayerCNN,contrast,centered_logit_fidelity,4018,-0.01232509892281991
TwoLayerCNN,contrast,centered_logit_fidelity,4019,-0.013767853715361988
TwoLayerCNN,auroc,centered_logit_fidelity,4000,-0.058342735283686
TwoLayerCNN,auroc,centered_logit_fidelity,4001,-0.037168039242602036
TwoLayerCNN,auroc,centered_logit_fidelity,4002,-0.0026021576294256166
TwoLayerCNN,auroc,centered_logit_fidelity,4003,0.027075209359687435
TwoLayerCNN,auroc,centered_logit_fidelity,4004,-0.02505009005177794
TwoLayerCNN,auroc,centered_logit_fidelity,4005,-0.002741716900446556
TwoLayerCNN,auroc,centered_logit_fidelity,4006,-0.0029386671724929703
TwoLayerCNN,auroc,centered_logit_fidelity,4007,0.06126947129451821
TwoLayerCNN,auroc,centered_logit_fidelity,4008,-0.10317704289217355
TwoLayerCNN,auroc,centered_logit_fidelity,4009,-0.018832686608967197
TwoLayerCNN,auroc,centered_logit_fidelity,4010,0.1392725262223467
TwoLayerCNN,auroc,centered_logit_fidelity,4011,0.02473593506800187
TwoLayerCNN,auroc,centered_logit_fidelity,4012,0.04788219547527933
TwoLayerCNN,auroc,centered_logit_fidelity,4013,0.039114685020778084
TwoLayerCNN,auroc,centered_logit_fidelity,4014,0.03901394013109821
TwoLayerCNN,auroc,centered_logit_fidelity,4015,0.007025836015824627
TwoLayerCNN,auroc,centered_logit_fidelity,4016,-0.026986348418179984
TwoLayerCNN,auroc,centered_logit_fidelity,4017,0.051992737185479365
TwoLayerCNN,auroc,centered_logit_fidelity,4018,9.400466126630036e-05
TwoLayerCNN,auroc,centered_logit_fidelity,4019,-0.027806622272773418
TwoLayerCNN,validation_patch,centered_logit_fidelity,4000,-0.03686539360575475
TwoLayerCNN,validation_patch,centered_logit_fidelity,4001,0.008168277906482557
TwoLayerCNN,validation_patch,centered_logit_fidelity,4002,0.040578062231707734
TwoLayerCNN,validation_patch,centered_logit_fidelity,4003,-0.04933718697828937
TwoLayerCNN,validation_patch,centered_logit_fidelity,4004,-0.01473008075384552
TwoLayerCNN,validation_patch,centered_logit_fidelity,4005,-0.014861168700663396
TwoLayerCNN,validation_patch,centered_logit_fidelity,4006,0.03362765635007364
TwoLayerCNN,validation_patch,centered_logit_fidelity,4007,-0.038285657941442564
TwoLayerCNN,validation_patch,centered_logit_fidelity,4008,0.021785007913928067
TwoLayerCNN,validation_patch,centered_logit_fidelity,4009,0.008263292677422374
TwoLayerCNN,validation_patch,centered_logit_fidelity,4010,0.07790925027277695
TwoLayerCNN,validation_patch,centered_logit_fidelity,4011,0.014280898665144093
TwoLayerCNN,validation_patch,centered_logit_fidelity,4012,0.05428118981827773
TwoLayerCNN,validation_patch,centered_logit_fidelity,4013,-0.014260653151622671
TwoLayerCNN,validation_patch,centered_logit_fidelity,4014,-0.013273978056633884
TwoLayerCNN,validation_patch,centered_logit_fidelity,4015,0.04069443270713108
TwoLayerCNN,validation_patch,centered_logit_fidelity,4016,-0.05621948813646371
TwoLayerCNN,validation_patch,centered_logit_fidelity,4017,0.013431263652295855
TwoLayerCNN,validation_patch,centered_logit_fidelity,4018,0.0008517079698418528
TwoLayerCNN,validation_patch,centered_logit_fidelity,4019,0.027801171811858205
TinyCNN,contrast,prob_error_reduction,4000,0.9541201665997505
TinyCNN,contrast,prob_error_reduction,4001,1.1693705269135535
TinyCNN,contrast,prob_error_reduction,4002,0.8548486216459423
TinyCNN,contrast,prob_error_reduction,4003,1.1761129116639495
TinyCNN,contrast,prob_error_reduction,4004,0.45932216104120016
TinyCNN,contrast,prob_error_reduction,4005,0.9229958297219127
TinyCNN,contrast,prob_error_reduction,4006,0.8824402140453458
TinyCNN,contrast,prob_error_reduction,4007,0.7727137384936213
TinyCNN,contrast,prob_error_reduction,4008,0.8863670516293496
TinyCNN,contrast,prob_error_reduction,4009,1.1135258505819365
TinyCNN,contrast,prob_error_reduction,4010,0.6804380116518587
TinyCNN,contrast,prob_error_reduction,4011,1.0136279757134616
TinyCNN,contrast,prob_error_reduction,4012,1.1513411276973784
TinyCNN,contrast,prob_error_reduction,4013,0.6282710256054997
TinyCNN,contrast,prob_error_reduction,4014,0.6334593591745943
TinyCNN,contrast,prob_error_reduction,4015,0.9942352690268308
TinyCNN,contrast,prob_error_reduction,4016,0.9232079386711121
TinyCNN,contrast,prob_error_reduction,4017,0.8665930484421551
TinyCNN,contrast,prob_error_reduction,4018,1.3050895277410746
TinyCNN,contrast,prob_error_reduction,4019,0.5001458637416363
TinyCNN,auroc,prob_error_reduction,4000,0.5812052562832832
TinyCNN,auroc,prob_error_reduction,4001,1.1606473247520626
TinyCNN,auroc,prob_error_reduction,4002,0.9712414278183132
TinyCNN,auroc,prob_error_reduction,4003,1.0252762651070952
TinyCNN,auroc,prob_error_reduction,4004,0.9568873858079314
TinyCNN,auroc,prob_error_reduction,4005,0.6837929245084524
TinyCNN,auroc,prob_error_reduction,4006,0.942846198566258
TinyCNN,auroc,prob_error_reduction,4007,0.9035312412306666
TinyCNN,auroc,prob_error_reduction,4008,1.1305224730167538
TinyCNN,auroc,prob_error_reduction,4009,0.7142358849523589
TinyCNN,auroc,prob_error_reduction,4010,0.6356560585554689
TinyCNN,auroc,prob_error_reduction,4011,1.0136279757134616
TinyCNN,auroc,prob_error_reduction,4012,1.1509324219077826
TinyCNN,auroc,prob_error_reduction,4013,0.5831848429515958
TinyCNN,auroc,prob_error_reduction,4014,0.4767622980289161
TinyCNN,auroc,prob_error_reduction,4015,0.7968450572807342
TinyCNN,auroc,prob_error_reduction,4016,0.7994687408208847
TinyCNN,auroc,prob_error_reduction,4017,0.8873067353852093
TinyCNN,auroc,prob_error_reduction,4018,0.8979699555784464
TinyCNN,auroc,prob_error_reduction,4019,0.8156728986650705
TinyCNN,validation_patch,prob_error_reduction,4000,0.4766673822887242
TinyCNN,validation_patch,prob_error_reduction,4001,0.8822192514926428
TinyCNN,validation_patch,prob_error_reduction,4002,0.7698138982523233
TinyCNN,validation_patch,prob_error_reduction,4003,0.8208363587036729
TinyCNN,validation_patch,prob_error_reduction,4004,0.4569793875562027
TinyCNN,validation_patch,prob_error_reduction,4005,0.7206809355411679
TinyCNN,validation_patch,prob_error_reduction,4006,0.8651447796728462
TinyCNN,validation_patch,prob_error_reduction,4007,0.7477532340562902
TinyCNN,validation_patch,prob_error_reduction,4008,0.8364335716469213
TinyCNN,validation_patch,prob_error_reduction,4009,0.6379608638526406
TinyCNN,validation_patch,prob_error_reduction,4010,0.671826213481836
TinyCNN,validation_patch,prob_error_reduction,4011,0.7125375848263502
TinyCNN,validation_patch,prob_error_reduction,4012,0.5969220250844955
TinyCNN,validation_patch,prob_error_reduction,4013,0.5700929802842438
TinyCNN,validation_patch,prob_error_reduction,4014,0.5871961222728714
TinyCNN,validation_patch,prob_error_reduction,4015,0.7559168708976358
TinyCNN,validation_patch,prob_error_reduction,4016,0.7113177473656833
TinyCNN,validation_patch,prob_error_reduction,4017,0.6981294574216008
TinyCNN,validation_patch,prob_error_reduction,4018,0.7748007455375046
TinyCNN,validation_patch,prob_error_reduction,4019,0.4642440687166527
TwoLayerCNN,contrast,prob_error_reduction,4000,-0.17957812547683716
TwoLayerCNN,contrast,prob_error_reduction,4001,0.04250991344451904
TwoLayerCNN,contrast,prob_error_reduction,4002,-0.09061781316995621
TwoLayerCNN,contrast,prob_error_reduction,4003,0.02283555269241333
TwoLayerCNN,contrast,prob_error_reduction,4004,-0.07834672927856445
TwoLayerCNN,contrast,prob_error_reduction,4005,-0.05229729413986206
TwoLayerCNN,contrast,prob_error_reduction,4006,-0.02440822124481201
TwoLayerCNN,contrast,prob_error_reduction,4007,0.05773340165615082
TwoLayerCNN,contrast,prob_error_reduction,4008,-0.31638282537460327
TwoLayerCNN,contrast,prob_error_reduction,4009,-0.026840686798095703
TwoLayerCNN,contrast,prob_error_reduction,4010,-0.053594380617141724
TwoLayerCNN,contrast,prob_error_reduction,4011,-0.2458808720111847
TwoLayerCNN,contrast,prob_error_reduction,4012,0.13289874792099
TwoLayerCNN,contrast,prob_error_reduction,4013,0.09989961981773376
TwoLayerCNN,contrast,prob_error_reduction,4014,0.04085540771484375
TwoLayerCNN,contrast,prob_error_reduction,4015,-0.11544471979141235
TwoLayerCNN,contrast,prob_error_reduction,4016,-0.26431217789649963
TwoLayerCNN,contrast,prob_error_reduction,4017,-0.03644266724586487
TwoLayerCNN,contrast,prob_error_reduction,4018,-0.06959381699562073
TwoLayerCNN,contrast,prob_error_reduction,4019,0.008315980434417725
TwoLayerCNN,auroc,prob_error_reduction,4000,-0.13615074753761292
TwoLayerCNN,auroc,prob_error_reduction,4001,0.08703556656837463
TwoLayerCNN,auroc,prob_error_reduction,4002,0.01357608288526535
TwoLayerCNN,auroc,prob_error_reduction,4003,0.07126663625240326
TwoLayerCNN,auroc,prob_error_reduction,4004,0.01250949501991272
TwoLayerCNN,auroc,prob_error_reduction,4005,-0.012814164161682129
TwoLayerCNN,auroc,prob_error_reduction,4006,-0.06630706787109375
TwoLayerCNN,auroc,prob_error_reduction,4007,0.050965890288352966
TwoLayerCNN,auroc,prob_error_reduction,4008,-0.3418723940849304
TwoLayerCNN,auroc,prob_error_reduction,4009,-0.04801127314567566
TwoLayerCNN,auroc,prob_error_reduction,4010,-0.11233484745025635
TwoLayerCNN,auroc,prob_error_reduction,4011,-0.21832755208015442
TwoLayerCNN,auroc,prob_error_reduction,4012,0.11914688348770142
TwoLayerCNN,auroc,prob_error_reduction,4013,0.09337291121482849
TwoLayerCNN,auroc,prob_error_reduction,4014,0.05214744806289673
TwoLayerCNN,auroc,prob_error_reduction,4015,-0.09135836362838745
TwoLayerCNN,auroc,prob_error_reduction,4016,-0.1028447151184082
TwoLayerCNN,auroc,prob_error_reduction,4017,-0.004727154970169067
TwoLayerCNN,auroc,prob_error_reduction,4018,-0.06508785486221313
TwoLayerCNN,auroc,prob_error_reduction,4019,-0.07953572273254395
TwoLayerCNN,validation_patch,prob_error_reduction,4000,0.06729830056428909
TwoLayerCNN,validation_patch,prob_error_reduction,4001,0.17159380670636892
TwoLayerCNN,validation_patch,prob_error_reduction,4002,0.10601937025785446
TwoLayerCNN,validation_patch,prob_error_reduction,4003,0.1374931037425995
TwoLayerCNN,validation_patch,prob_error_reduction,4004,-0.08249390870332718
TwoLayerCNN,validation_patch,prob_error_reduction,4005,-0.08571361005306244
TwoLayerCNN,validation_patch,prob_error_reduction,4006,0.18881166726350784
TwoLayerCNN,validation_patch,prob_error_reduction,4007,0.11037915199995041
TwoLayerCNN,validation_patch,prob_error_reduction,4008,0.11748983152210712
TwoLayerCNN,validation_patch,prob_error_reduction,4009,0.15023146197199821
TwoLayerCNN,validation_patch,prob_error_reduction,4010,0.19933547778055072
TwoLayerCNN,validation_patch,prob_error_reduction,4011,0.012247279286384583
TwoLayerCNN,validation_patch,prob_error_reduction,4012,0.04987058416008949
TwoLayerCNN,validation_patch,prob_error_reduction,4013,0.037568673491477966
TwoLayerCNN,validation_patch,prob_error_reduction,4014,-0.02254309505224228
TwoLayerCNN,validation_patch,prob_error_reduction,4015,-0.04808076471090317
TwoLayerCNN,validation_patch,prob_error_reduction,4016,-0.06241943687200546
TwoLayerCNN,validation_patch,prob_error_reduction,4017,0.13247593306005
TwoLayerCNN,validation_patch,prob_error_reduction,4018,0.0631522685289383
TwoLayerCNN,validation_patch,prob_error_reduction,4019,-0.0032036639750003815
TinyCNN,contrast,prob_fidelity,4000,0.39958455183652797
TinyCNN,contrast,prob_fidelity,4001,0.4451433806797672
TinyCNN,contrast,prob_fidelity,4002,0.30879263954655967
TinyCNN,contrast,prob_fidelity,4003,0.5076894399089376
TinyCNN,contrast,prob_fidelity,4004,0.16601303632981695
TinyCNN,contrast,prob_fidelity,4005,0.27765866833435926
TinyCNN,contrast,prob_fidelity,4006,0.2964875916534635
TinyCNN,contrast,prob_fidelity,4007,0.27856409484589467
TinyCNN,contrast,prob_fidelity,4008,0.2550710926041147
TinyCNN,contrast,prob_fidelity,4009,0.4493668710231692
TinyCNN,contrast,prob_fidelity,4010,0.15948042730286022
TinyCNN,contrast,prob_fidelity,4011,0.3612106879199306
TinyCNN,contrast,prob_fidelity,4012,0.4843280549059763
TinyCNN,contrast,prob_fidelity,4013,0.25731704559088964
TinyCNN,contrast,prob_fidelity,4014,0.2211914686742834
TinyCNN,contrast,prob_fidelity,4015,0.3876285637340401
TinyCNN,contrast,prob_fidelity,4016,0.3067551634336766
TinyCNN,contrast,prob_fidelity,4017,0.31341835711599836
TinyCNN,contrast,prob_fidelity,4018,0.598584210583355
TinyCNN,contrast,prob_fidelity,4019,0.14524095228097572
TinyCNN,auroc,prob_fidelity,4000,0.19833436711922536
TinyCNN,auroc,prob_fidelity,4001,0.44070131471814966
TinyCNN,auroc,prob_fidelity,4002,0.37148227459836286
TinyCNN,auroc,prob_fidelity,4003,0.38830599660790927
TinyCNN,auroc,prob_fidelity,4004,0.4323084874590468
TinyCNN,auroc,prob_fidelity,4005,0.16779447761127997
TinyCNN,auroc,prob_fidelity,4006,0.36106598602495227
TinyCNN,auroc,prob_fidelity,4007,0.3468085384570106
TinyCNN,auroc,prob_fidelity,4008,0.3705506912428961
TinyCNN,auroc,prob_fidelity,4009,0.23986197864853087
TinyCNN,auroc,prob_fidelity,4010,0.13561873715962586
TinyCNN,auroc,prob_fidelity,4011,0.3612106879199306
TinyCNN,auroc,prob_fidelity,4012,0.4839334432259396
TinyCNN,auroc,prob_fidelity,4013,0.23323510052666624
TinyCNN,auroc,prob_fidelity,4014,0.09785255511381646
TinyCNN,auroc,prob_fidelity,4015,0.1832190470823663
TinyCNN,auroc,prob_fidelity,4016,0.23849502315147714
TinyCNN,auroc,prob_fidelity,4017,0.3246876480889369
TinyCNN,auroc,prob_fidelity,4018,0.3808531215323152
TinyCNN,auroc,prob_fidelity,4019,0.24651847620116218
TinyCNN,validation_patch,prob_fidelity,4000,0.14166038854299084
TinyCNN,validation_patch,prob_fidelity,4001,0.28902355428365334
TinyCNN,validation_patch,prob_fidelity,4002,0.2636928560389783
TinyCNN,validation_patch,prob_fidelity,4003,0.3219641252909517
TinyCNN,validation_patch,prob_fidelity,4004,0.15981956992601049
TinyCNN,validation_patch,prob_fidelity,4005,0.20603120805529812
TinyCNN,validation_patch,prob_fidelity,4006,0.31688314936529943
TinyCNN,validation_patch,prob_fidelity,4007,0.26433456559758023
TinyCNN,validation_patch,prob_fidelity,4008,0.2322560704709153
TinyCNN,validation_patch,prob_fidelity,4009,0.22160346197225977
TinyCNN,validation_patch,prob_fidelity,4010,0.20035168705005257
TinyCNN,validation_patch,prob_fidelity,4011,0.25390131341916616
TinyCNN,validation_patch,prob_fidelity,4012,0.18472840856605327
TinyCNN,validation_patch,prob_fidelity,4013,0.224903623510132
TinyCNN,validation_patch,prob_fidelity,4014,0.1945474356439707
TinyCNN,validation_patch,prob_fidelity,4015,0.25721922498500427
TinyCNN,validation_patch,prob_fidelity,4016,0.19885602774471517
TinyCNN,validation_patch,prob_fidelity,4017,0.23413905880363722
TinyCNN,validation_patch,prob_fidelity,4018,0.3147552115865462
TinyCNN,validation_patch,prob_fidelity,4019,0.12929683207812326
TwoLayerCNN,contrast,prob_fidelity,4000,-0.10392207730675468
TwoLayerCNN,contrast,prob_fidelity,4001,-0.0009038129281560559
TwoLayerCNN,contrast,prob_fidelity,4002,-0.05794414707928025
TwoLayerCNN,contrast,prob_fidelity,4003,-0.00494629338298036
TwoLayerCNN,contrast,prob_fidelity,4004,-0.05539938508816655
TwoLayerCNN,contrast,prob_fidelity,4005,-0.03500680361398323
TwoLayerCNN,contrast,prob_fidelity,4006,-0.024681569097137035
TwoLayerCNN,contrast,prob_fidelity,4007,0.014512075179080097
TwoLayerCNN,contrast,prob_fidelity,4008,-0.17566412132463927
TwoLayerCNN,contrast,prob_fidelity,4009,-0.022683453501562256
TwoLayerCNN,contrast,prob_fidelity,4010,-0.034329763976902294
TwoLayerCNN,contrast,prob_fidelity,4011,-0.13145067522845744
TwoLayerCNN,contrast,prob_fidelity,4012,0.0588313177296812
TwoLayerCNN,contrast,prob_fidelity,4013,0.03558166209994229
TwoLayerCNN,contrast,prob_fidelity,4014,0.010434822387323295
TwoLayerCNN,contrast,prob_fidelity,4015,-0.07038813863883081
TwoLayerCNN,contrast,prob_fidelity,4016,-0.14581197199114088
TwoLayerCNN,contrast,prob_fidelity,4017,-0.036780938471086044
TwoLayerCNN,contrast,prob_fidelity,4018,-0.05081903346358946
TwoLayerCNN,contrast,prob_fidelity,4019,-0.006365129164657868
TwoLayerCNN,auroc,prob_fidelity,4000,-0.0804969430671369
TwoLayerCNN,auroc,prob_fidelity,4001,0.028175782634486335
TwoLayerCNN,auroc,prob_fidelity,4002,-0.005226829243611564
TwoLayerCNN,auroc,prob_fidelity,4003,0.01975896931531823
TwoLayerCNN,auroc,prob_fidelity,4004,-0.008660013764844099
TwoLayerCNN,auroc,prob_fidelity,4005,-0.014993491489089739
TwoLayerCNN,auroc,prob_fidelity,4006,-0.04614820177795309
TwoLayerCNN,auroc,prob_fidelity,4007,0.011005022957525867
TwoLayerCNN,auroc,prob_fidelity,4008,-0.18864728926813612
TwoLayerCNN,auroc,prob_fidelity,4009,-0.033406408301399126
TwoLayerCNN,auroc,prob_fidelity,4010,-0.06397570326002788
TwoLayerCNN,auroc,prob_fidelity,4011,-0.11683551239260775
TwoLayerCNN,auroc,prob_fidelity,4012,0.05239498185642033
TwoLayerCNN,auroc,prob_fidelity,4013,0.03236864054902716
TwoLayerCNN,auroc,prob_fidelity,4014,0.01631983584100144
TwoLayerCNN,auroc,prob_fidelity,4015,-0.05814541494660064
TwoLayerCNN,auroc,prob_fidelity,4016,-0.06172209424101671
TwoLayerCNN,auroc,prob_fidelity,4017,-0.019049549636301177
TwoLayerCNN,auroc,prob_fidelity,4018,-0.04795864414363332
TwoLayerCNN,auroc,prob_fidelity,4019,-0.050647084697481526
TwoLayerCNN,validation_patch,prob_fidelity,4000,0.011696076204375405
TwoLayerCNN,validation_patch,prob_fidelity,4001,0.05164886979488614
TwoLayerCNN,validation_patch,prob_fidelity,4002,0.041120496066478496
TwoLayerCNN,validation_patch,prob_fidelity,4003,0.04351342359850896
TwoLayerCNN,validation_patch,prob_fidelity,4004,-0.06980628230659958
TwoLayerCNN,validation_patch,prob_fidelity,4005,-0.056016908303215374
TwoLayerCNN,validation_patch,prob_fidelity,4006,0.07073448146493977
TwoLayerCNN,validation_patch,prob_fidelity,4007,0.03717570324030295
TwoLayerCNN,validation_patch,prob_fidelity,4008,0.03892913665830583
TwoLayerCNN,validation_patch,prob_fidelity,4009,0.05960748448949116
TwoLayerCNN,validation_patch,prob_fidelity,4010,0.0846670132544739
TwoLayerCNN,validation_patch,prob_fidelity,4011,-0.003121556830994021
TwoLayerCNN,validation_patch,prob_fidelity,4012,0.009835850251445788
TwoLayerCNN,validation_patch,prob_fidelity,4013,-0.0019178693226948873
TwoLayerCNN,validation_patch,prob_fidelity,4014,-0.028033397890348033
TwoLayerCNN,validation_patch,prob_fidelity,4015,-0.041338840028386614
TwoLayerCNN,validation_patch,prob_fidelity,4016,-0.056064320920393707
TwoLayerCNN,validation_patch,prob_fidelity,4017,0.04531214338599748
TwoLayerCNN,validation_patch,prob_fidelity,4018,0.013293432091839863
TwoLayerCNN,validation_patch,prob_fidelity,4019,-0.01888412821256752
TinyCNN,contrast,raw_logit_fidelity,4000,0.31214089252015326
TinyCNN,contrast,raw_logit_fidelity,4001,0.23592242586073214
TinyCNN,contrast,raw_logit_fidelity,4002,0.12698685975413754
TinyCNN,contrast,raw_logit_fidelity,4003,0.3400967330937244
TinyCNN,contrast,raw_logit_fidelity,4004,0.07546133623081852
TinyCNN,contrast,raw_logit_fidelity,4005,0.185745802836913
TinyCNN,contrast,raw_logit_fidelity,4006,0.08125337164027041
TinyCNN,contrast,raw_logit_fidelity,4007,0.10644461607816996
TinyCNN,contrast,raw_logit_fidelity,4008,0.09200130900774284
TinyCNN,contrast,raw_logit_fidelity,4009,0.22412723161573578
TinyCNN,contrast,raw_logit_fidelity,4010,0.006930759310934009
TinyCNN,contrast,raw_logit_fidelity,4011,0.22972186616743828
TinyCNN,contrast,raw_logit_fidelity,4012,0.31442562686964676
TinyCNN,contrast,raw_logit_fidelity,4013,0.10312773383435064
TinyCNN,contrast,raw_logit_fidelity,4014,0.04331959728975765
TinyCNN,contrast,raw_logit_fidelity,4015,0.2734458427458347
TinyCNN,contrast,raw_logit_fidelity,4016,0.1907539392244535
TinyCNN,contrast,raw_logit_fidelity,4017,0.19315969930846644
TinyCNN,contrast,raw_logit_fidelity,4018,0.3981361270970015
TinyCNN,contrast,raw_logit_fidelity,4019,0.0580636537532101
TinyCNN,auroc,raw_logit_fidelity,4000,0.1540015328553126
TinyCNN,auroc,raw_logit_fidelity,4001,0.22827746069633287
TinyCNN,auroc,raw_logit_fidelity,4002,0.2405440264957064
TinyCNN,auroc,raw_logit_fidelity,4003,0.23053865355428232
TinyCNN,auroc,raw_logit_fidelity,4004,0.24853384014523672
TinyCNN,auroc,raw_logit_fidelity,4005,0.04065104394082941
TinyCNN,auroc,raw_logit_fidelity,4006,0.14870501749334758
TinyCNN,auroc,raw_logit_fidelity,4007,0.19123827765631202
TinyCNN,auroc,raw_logit_fidelity,4008,0.14464426318094525
TinyCNN,auroc,raw_logit_fidelity,4009,0.10149582683735914
TinyCNN,auroc,raw_logit_fidelity,4010,-0.012942107142720705
TinyCNN,auroc,raw_logit_fidelity,4011,0.22972186616743828
TinyCNN,auroc,raw_logit_fidelity,4012,0.31424330177118015
TinyCNN,auroc,raw_logit_fidelity,4013,0.09552737946374623
TinyCNN,auroc,raw_logit_fidelity,4014,-0.043897657491322295
TinyCNN,auroc,raw_logit_fidelity,4015,0.019505814221933926
TinyCNN,auroc,raw_logit_fidelity,4016,0.08303318393828285
TinyCNN,auroc,raw_logit_fidelity,4017,0.20363581771471073
TinyCNN,auroc,raw_logit_fidelity,4018,0.15563078225510318
TinyCNN,auroc,raw_logit_fidelity,4019,0.13595876562418713
TinyCNN,validation_patch,raw_logit_fidelity,4000,0.09709107058591776
TinyCNN,validation_patch,raw_logit_fidelity,4001,0.11797072704715039
TinyCNN,validation_patch,raw_logit_fidelity,4002,0.1234579298302041
TinyCNN,validation_patch,raw_logit_fidelity,4003,0.1805631960992129
TinyCNN,validation_patch,raw_logit_fidelity,4004,0.0632738868369967
TinyCNN,validation_patch,raw_logit_fidelity,4005,0.13226658251399598
TinyCNN,validation_patch,raw_logit_fidelity,4006,0.1248686552368562
TinyCNN,validation_patch,raw_logit_fidelity,4007,0.0999764460779407
TinyCNN,validation_patch,raw_logit_fidelity,4008,0.08418389254268555
TinyCNN,validation_patch,raw_logit_fidelity,4009,0.0968147872701749
TinyCNN,validation_patch,raw_logit_fidelity,4010,0.08462956171585923
TinyCNN,validation_patch,raw_logit_fidelity,4011,0.1271420979670242
TinyCNN,validation_patch,raw_logit_fidelity,4012,0.05142729284739167
TinyCNN,validation_patch,raw_logit_fidelity,4013,0.07980488699364846
TinyCNN,validation_patch,raw_logit_fidelity,4014,0.04799096726671731
TinyCNN,validation_patch,raw_logit_fidelity,4015,0.127495043922855
TinyCNN,validation_patch,raw_logit_fidelity,4016,0.06968554637563801
TinyCNN,validation_patch,raw_logit_fidelity,4017,0.07945179649238254
TinyCNN,validation_patch,raw_logit_fidelity,4018,0.1376620279547725
TinyCNN,validation_patch,raw_logit_fidelity,4019,0.056189778957925374
TwoLayerCNN,contrast,raw_logit_fidelity,4000,-0.061165913655321924
TwoLayerCNN,contrast,raw_logit_fidelity,4001,0.012456890243234986
TwoLayerCNN,contrast,raw_logit_fidelity,4002,-0.014318923541278117
TwoLayerCNN,contrast,raw_logit_fidelity,4003,0.014680325573293518
TwoLayerCNN,contrast,raw_logit_fidelity,4004,-0.040227695779657346
TwoLayerCNN,contrast,raw_logit_fidelity,4005,-0.030694648561759796
TwoLayerCNN,contrast,raw_logit_fidelity,4006,0.03287064098429421
TwoLayerCNN,contrast,raw_logit_fidelity,4007,0.07435949617312426
TwoLayerCNN,contrast,raw_logit_fidelity,4008,-0.09243657430847896
TwoLayerCNN,contrast,raw_logit_fidelity,4009,-0.013812543449669867
TwoLayerCNN,contrast,raw_logit_fidelity,4010,0.15946547825143748
TwoLayerCNN,contrast,raw_logit_fidelity,4011,-0.03984244151852384
TwoLayerCNN,contrast,raw_logit_fidelity,4012,0.04638244676598874
TwoLayerCNN,contrast,raw_logit_fidelity,4013,0.02173753075196516
TwoLayerCNN,contrast,raw_logit_fidelity,4014,0.02087837494757583
TwoLayerCNN,contrast,raw_logit_fidelity,4015,-0.05000687982069163
TwoLayerCNN,contrast,raw_logit_fidelity,4016,-0.1042918882844493
TwoLayerCNN,contrast,raw_logit_fidelity,4017,0.04545623467237492
TwoLayerCNN,contrast,raw_logit_fidelity,4018,-0.016274798425953252
TwoLayerCNN,contrast,raw_logit_fidelity,4019,-0.01470128362027634
TwoLayerCNN,auroc,raw_logit_fidelity,4000,-0.0592621031683338
TwoLayerCNN,auroc,raw_logit_fidelity,4001,-0.03805040658451936
TwoLayerCNN,auroc,raw_logit_fidelity,4002,-0.00363093570743106
TwoLayerCNN,auroc,raw_logit_fidelity,4003,0.027051966971954444
TwoLayerCNN,auroc,raw_logit_fidelity,4004,-0.024762544899509686
TwoLayerCNN,auroc,raw_logit_fidelity,4005,-0.0024389580070740546
TwoLayerCNN,auroc,raw_logit_fidelity,4006,-0.0017142630955347404
TwoLayerCNN,auroc,raw_logit_fidelity,4007,0.06005246344089643
TwoLayerCNN,auroc,raw_logit_fidelity,4008,-0.10388420749023314
TwoLayerCNN,auroc,raw_logit_fidelity,4009,-0.017377232721069724
TwoLayerCNN,auroc,raw_logit_fidelity,4010,0.13750273979659727
TwoLayerCNN,auroc,raw_logit_fidelity,4011,0.02498852165372073
TwoLayerCNN,auroc,raw_logit_fidelity,4012,0.0476390822756938
TwoLayerCNN,auroc,raw_logit_fidelity,4013,0.03522173250612548
TwoLayerCNN,auroc,raw_logit_fidelity,4014,0.037557582414277035
TwoLayerCNN,auroc,raw_logit_fidelity,4015,0.007122776603326331
TwoLayerCNN,auroc,raw_logit_fidelity,4016,-0.02757755982957899
TwoLayerCNN,auroc,raw_logit_fidelity,4017,0.050987800765409264
TwoLayerCNN,auroc,raw_logit_fidelity,4018,-0.002931388373208832
TwoLayerCNN,auroc,raw_logit_fidelity,4019,-0.02854524383452539
TwoLayerCNN,validation_patch,raw_logit_fidelity,4000,-0.03663608934459128
TwoLayerCNN,validation_patch,raw_logit_fidelity,4001,0.008260561017886858
TwoLayerCNN,validation_patch,raw_logit_fidelity,4002,0.03893598008354665
TwoLayerCNN,validation_patch,raw_logit_fidelity,4003,-0.04924520673509464
TwoLayerCNN,validation_patch,raw_logit_fidelity,4004,-0.014219117401312265
TwoLayerCNN,validation_patch,raw_logit_fidelity,4005,-0.013890824324358952
TwoLayerCNN,validation_patch,raw_logit_fidelity,4006,0.03454087675055689
TwoLayerCNN,validation_patch,raw_logit_fidelity,4007,-0.04107825422051764
TwoLayerCNN,validation_patch,raw_logit_fidelity,4008,0.022220393343062028
TwoLayerCNN,validation_patch,raw_logit_fidelity,4009,0.014910358936081725
TwoLayerCNN,validation_patch,raw_logit_fidelity,4010,0.07371698522654097
TwoLayerCNN,validation_patch,raw_logit_fidelity,4011,0.014778488930706657
TwoLayerCNN,validation_patch,raw_logit_fidelity,4012,0.05526322598571637
TwoLayerCNN,validation_patch,raw_logit_fidelity,4013,-0.013606283429845822
TwoLayerCNN,validation_patch,raw_logit_fidelity,4014,-0.013072416917310925
TwoLayerCNN,validation_patch,raw_logit_fidelity,4015,0.040459118174628605
TwoLayerCNN,validation_patch,raw_logit_fidelity,4016,-0.05585772350886564
TwoLayerCNN,validation_patch,raw_logit_fidelity,4017,0.012833846517342817
TwoLayerCNN,validation_patch,raw_logit_fidelity,4018,0.0023608291998609143
TwoLayerCNN,validation_patch,raw_logit_fidelity,4019,0.02817374717545057
TinyCNN,contrast,centered_logit_error_reduction,4000,66.02936923503876
TinyCNN,contrast,centered_logit_error_reduction,4001,84.07771550118923
TinyCNN,contrast,centered_logit_error_reduction,4002,44.80344295501709
TinyCNN,contrast,centered_logit_error_reduction,4003,91.19234004616737
TinyCNN,contrast,centered_logit_error_reduction,4004,31.66412705183029
TinyCNN,contrast,centered_logit_error_reduction,4005,70.68010938167572
TinyCNN,contrast,centered_logit_error_reduction,4006,54.95729613304138
TinyCNN,contrast,centered_logit_error_reduction,4007,46.54305800795555
TinyCNN,contrast,centered_logit_error_reduction,4008,59.85729345679283
TinyCNN,contrast,centered_logit_error_reduction,4009,68.79045513272285
TinyCNN,contrast,centered_logit_error_reduction,4010,51.579637825489044
TinyCNN,contrast,centered_logit_error_reduction,4011,70.45266595482826
TinyCNN,contrast,centered_logit_error_reduction,4012,72.3250458240509
TinyCNN,contrast,centered_logit_error_reduction,4013,33.643915355205536
TinyCNN,contrast,centered_logit_error_reduction,4014,27.54029855132103
TinyCNN,contrast,centered_logit_error_reduction,4015,70.31403532624245
TinyCNN,contrast,centered_logit_error_reduction,4016,59.58215728402138
TinyCNN,contrast,centered_logit_error_reduction,4017,69.13918566703796
TinyCNN,contrast,centered_logit_error_reduction,4018,101.63987332582474
TinyCNN,contrast,centered_logit_error_reduction,4019,28.59370470046997
TinyCNN,auroc,centered_logit_error_reduction,4000,43.21200358867645
TinyCNN,auroc,centered_logit_error_reduction,4001,82.67225590348244
TinyCNN,auroc,centered_logit_error_reduction,4002,60.130266308784485
TinyCNN,auroc,centered_logit_error_reduction,4003,83.38349547982216
TinyCNN,auroc,centered_logit_error_reduction,4004,58.69511479139328
TinyCNN,auroc,centered_logit_error_reduction,4005,47.68630635738373
TinyCNN,auroc,centered_logit_error_reduction,4006,56.527321100234985
TinyCNN,auroc,centered_logit_error_reduction,4007,59.975738137960434
TinyCNN,auroc,centered_logit_error_reduction,4008,73.40688455104828
TinyCNN,auroc,centered_logit_error_reduction,4009,49.666466027498245
TinyCNN,auroc,centered_logit_error_reduction,4010,48.771241545677185
TinyCNN,auroc,centered_logit_error_reduction,4011,70.45266595482826
TinyCNN,auroc,centered_logit_error_reduction,4012,72.32051092386246
TinyCNN,auroc,centered_logit_error_reduction,4013,32.672308936715126
TinyCNN,auroc,centered_logit_error_reduction,4014,23.624637752771378
TinyCNN,auroc,centered_logit_error_reduction,4015,63.435511350631714
TinyCNN,auroc,centered_logit_error_reduction,4016,45.370351016521454
TinyCNN,auroc,centered_logit_error_reduction,4017,71.04440951347351
TinyCNN,auroc,centered_logit_error_reduction,4018,59.08956128358841
TinyCNN,auroc,centered_logit_error_reduction,4019,55.87725704908371
TinyCNN,validation_patch,centered_logit_error_reduction,4000,34.26403218507767
TinyCNN,validation_patch,centered_logit_error_reduction,4001,65.57041390240192
TinyCNN,validation_patch,centered_logit_error_reduction,4002,44.29864189773798
TinyCNN,validation_patch,centered_logit_error_reduction,4003,61.43929326534271
TinyCNN,validation_patch,centered_logit_error_reduction,4004,31.554726913571358
TinyCNN,validation_patch,centered_logit_error_reduction,4005,50.41482025384903
TinyCNN,validation_patch,centered_logit_error_reduction,4006,53.13419929146767
TinyCNN,validation_patch,centered_logit_error_reduction,4007,46.27476987242699
TinyCNN,validation_patch,centered_logit_error_reduction,4008,59.49931499361992
TinyCNN,validation_patch,centered_logit_error_reduction,4009,43.06693574786186
TinyCNN,validation_patch,centered_logit_error_reduction,4010,48.41402316093445
TinyCNN,validation_patch,centered_logit_error_reduction,4011,42.73864412307739
TinyCNN,validation_patch,centered_logit_error_reduction,4012,34.75627627968788
TinyCNN,validation_patch,centered_logit_error_reduction,4013,30.897775068879128
TinyCNN,validation_patch,centered_logit_error_reduction,4014,28.785161793231964
TinyCNN,validation_patch,centered_logit_error_reduction,4015,49.33829082548618
TinyCNN,validation_patch,centered_logit_error_reduction,4016,39.55576875805855
TinyCNN,validation_patch,centered_logit_error_reduction,4017,48.30686196684837
TinyCNN,validation_patch,centered_logit_error_reduction,4018,55.77340017259121
TinyCNN,validation_patch,centered_logit_error_reduction,4019,27.91868206858635
TwoLayerCNN,contrast,centered_logit_error_reduction,4000,57.688751220703125
TwoLayerCNN,contrast,centered_logit_error_reduction,4001,114.76592254638672
TwoLayerCNN,contrast,centered_logit_error_reduction,4002,84.68642044067383
TwoLayerCNN,contrast,centered_logit_error_reduction,4003,88.05139350891113
TwoLayerCNN,contrast,centered_logit_error_reduction,4004,93.29261779785156
TwoLayerCNN,contrast,centered_logit_error_reduction,4005,93.2864818572998
TwoLayerCNN,contrast,centered_logit_error_reduction,4006,84.32539749145508
TwoLayerCNN,contrast,centered_logit_error_reduction,4007,98.17970848083496
TwoLayerCNN,contrast,centered_logit_error_reduction,4008,50.21412658691406
TwoLayerCNN,contrast,centered_logit_error_reduction,4009,64.94843482971191
TwoLayerCNN,contrast,centered_logit_error_reduction,4010,145.92264556884766
TwoLayerCNN,contrast,centered_logit_error_reduction,4011,72.76524353027344
TwoLayerCNN,contrast,centered_logit_error_reduction,4012,84.47317504882812
TwoLayerCNN,contrast,centered_logit_error_reduction,4013,92.1234130859375
TwoLayerCNN,contrast,centered_logit_error_reduction,4014,80.21935081481934
TwoLayerCNN,contrast,centered_logit_error_reduction,4015,72.39974021911621
TwoLayerCNN,contrast,centered_logit_error_reduction,4016,52.34577941894531
TwoLayerCNN,contrast,centered_logit_error_reduction,4017,116.5078067779541
TwoLayerCNN,contrast,centered_logit_error_reduction,4018,94.40686416625977
TwoLayerCNN,contrast,centered_logit_error_reduction,4019,85.14995193481445
TwoLayerCNN,auroc,centered_logit_error_reduction,4000,56.87248992919922
TwoLayerCNN,auroc,centered_logit_error_reduction,4001,80.11531066894531
TwoLayerCNN,auroc,centered_logit_error_reduction,4002,88.01294708251953
TwoLayerCNN,auroc,centered_logit_error_reduction,4003,93.06742286682129
TwoLayerCNN,auroc,centered_logit_error_reduction,4004,97.92716598510742
TwoLayerCNN,auroc,centered_logit_error_reduction,4005,101.13559150695801
TwoLayerCNN,auroc,centered_logit_error_reduction,4006,76.51266860961914
TwoLayerCNN,auroc,centered_logit_error_reduction,4007,95.5780200958252
TwoLayerCNN,auroc,centered_logit_error_reduction,4008,45.91387176513672
TwoLayerCNN,auroc,centered_logit_error_reduction,4009,62.33625602722168
TwoLayerCNN,auroc,centered_logit_error_reduction,4010,136.91364669799805
TwoLayerCNN,auroc,centered_logit_error_reduction,4011,85.95969772338867
TwoLayerCNN,auroc,centered_logit_error_reduction,4012,83.37071800231934
TwoLayerCNN,auroc,centered_logit_error_reduction,4013,94.29240417480469
TwoLayerCNN,auroc,centered_logit_error_reduction,4014,83.16773796081543
TwoLayerCNN,auroc,centered_logit_error_reduction,4015,97.91597557067871
TwoLayerCNN,auroc,centered_logit_error_reduction,4016,68.70644569396973
TwoLayerCNN,auroc,centered_logit_error_reduction,4017,116.55012130737305
TwoLayerCNN,auroc,centered_logit_error_reduction,4018,102.90983772277832
TwoLayerCNN,auroc,centered_logit_error_reduction,4019,78.83983993530273
TwoLayerCNN,validation_patch,centered_logit_error_reduction,4000,91.01469135284424
TwoLayerCNN,validation_patch,centered_logit_error_reduction,4001,110.87571334838867
TwoLayerCNN,validation_patch,centered_logit_error_reduction,4002,91.51994514465332
TwoLayerCNN,validation_patch,centered_logit_error_reduction,4003,90.97700023651123
TwoLayerCNN,validation_patch,centered_logit_error_reduction,4004,99.60365867614746
TwoLayerCNN,validation_patch,centered_logit_error_reduction,4005,110.35862064361572
TwoLayerCNN,validation_patch,centered_logit_error_reduction,4006,105.03704261779785
TwoLayerCNN,validation_patch,centered_logit_error_reduction,4007,75.18984603881836
TwoLayerCNN,validation_patch,centered_logit_error_reduction,4008,84.63997983932495
TwoLayerCNN,validation_patch,centered_logit_error_reduction,4009,90.03902339935303
TwoLayerCNN,validation_patch,centered_logit_error_reduction,4010,130.98068141937256
TwoLayerCNN,validation_patch,centered_logit_error_reduction,4011,86.02630710601807
TwoLayerCNN,validation_patch,centered_logit_error_reduction,4012,99.74555015563965
TwoLayerCNN,validation_patch,centered_logit_error_reduction,4013,79.61093521118164
TwoLayerCNN,validation_patch,centered_logit_error_reduction,4014,77.6478157043457
TwoLayerCNN,validation_patch,centered_logit_error_reduction,4015,116.09347534179688
TwoLayerCNN,validation_patch,centered_logit_error_reduction,4016,82.62580871582031
TwoLayerCNN,validation_patch,centered_logit_error_reduction,4017,101.32671737670898
TwoLayerCNN,validation_patch,centered_logit_error_reduction,4018,110.39840030670166
TwoLayerCNN,validation_patch,centered_logit_error_reduction,4019,121.72489356994629
TinyCNN,contrast,raw_logit_error_reduction,4000,67.22040310502052
TinyCNN,contrast,raw_logit_error_reduction,4001,84.12349723279476
TinyCNN,contrast,raw_logit_error_reduction,4002,44.75475247204304
TinyCNN,contrast,raw_logit_error_reduction,4003,92.9396864771843
TinyCNN,contrast,raw_logit_error_reduction,4004,32.221998423337936
TinyCNN,contrast,raw_logit_error_reduction,4005,70.82900699973106
TinyCNN,contrast,raw_logit_error_reduction,4006,55.00619754195213
TinyCNN,contrast,raw_logit_error_reduction,4007,47.251112788915634
TinyCNN,contrast,raw_logit_error_reduction,4008,62.53243565559387
TinyCNN,contrast,raw_logit_error_reduction,4009,69.39573328197002
TinyCNN,contrast,raw_logit_error_reduction,4010,51.662845492362976
TinyCNN,contrast,raw_logit_error_reduction,4011,70.95889228582382
TinyCNN,contrast,raw_logit_error_reduction,4012,72.66398838162422
TinyCNN,contrast,raw_logit_error_reduction,4013,34.173809081315994
TinyCNN,contrast,raw_logit_error_reduction,4014,27.58254036307335
TinyCNN,contrast,raw_logit_error_reduction,4015,71.35438942909241
TinyCNN,contrast,raw_logit_error_reduction,4016,60.37685427069664
TinyCNN,contrast,raw_logit_error_reduction,4017,69.68242847919464
TinyCNN,contrast,raw_logit_error_reduction,4018,104.14927533268929
TinyCNN,contrast,raw_logit_error_reduction,4019,28.746145352721214
TinyCNN,auroc,raw_logit_error_reduction,4000,43.72089520096779
TinyCNN,auroc,raw_logit_error_reduction,4001,82.66917063295841
TinyCNN,auroc,raw_logit_error_reduction,4002,60.12690271437168
TinyCNN,auroc,raw_logit_error_reduction,4003,84.25222080945969
TinyCNN,auroc,raw_logit_error_reduction,4004,59.289105623960495
TinyCNN,auroc,raw_logit_error_reduction,4005,47.698012083768845
TinyCNN,auroc,raw_logit_error_reduction,4006,56.56246814131737
TinyCNN,auroc,raw_logit_error_reduction,4007,60.70713695883751
TinyCNN,auroc,raw_logit_error_reduction,4008,74.51316252350807
TinyCNN,auroc,raw_logit_error_reduction,4009,50.04589883983135
TinyCNN,auroc,raw_logit_error_reduction,4010,48.86678974330425
TinyCNN,auroc,raw_logit_error_reduction,4011,70.95889228582382
TinyCNN,auroc,raw_logit_error_reduction,4012,72.65984657406807
TinyCNN,auroc,raw_logit_error_reduction,4013,33.10030607879162
TinyCNN,auroc,raw_logit_error_reduction,4014,23.641280740499496
TinyCNN,auroc,raw_logit_error_reduction,4015,64.32396885752678
TinyCNN,auroc,raw_logit_error_reduction,4016,46.00970348715782
TinyCNN,auroc,raw_logit_error_reduction,4017,71.3570386171341
TinyCNN,auroc,raw_logit_error_reduction,4018,59.75083401799202
TinyCNN,auroc,raw_logit_error_reduction,4019,56.11029468476772
TinyCNN,validation_patch,raw_logit_error_reduction,4000,34.68618059158325
TinyCNN,validation_patch,raw_logit_error_reduction,4001,65.56548921763897
TinyCNN,validation_patch,raw_logit_error_reduction,4002,44.43574744462967
TinyCNN,validation_patch,raw_logit_error_reduction,4003,62.61584621667862
TinyCNN,validation_patch,raw_logit_error_reduction,4004,32.10202515125275
TinyCNN,validation_patch,raw_logit_error_reduction,4005,50.4426766037941
TinyCNN,validation_patch,raw_logit_error_reduction,4006,53.15095081925392
TinyCNN,validation_patch,raw_logit_error_reduction,4007,47.10113152861595
TinyCNN,validation_patch,raw_logit_error_reduction,4008,60.553128466010094
TinyCNN,validation_patch,raw_logit_error_reduction,4009,43.8931717723608
TinyCNN,validation_patch,raw_logit_error_reduction,4010,48.48255839943886
TinyCNN,validation_patch,raw_logit_error_reduction,4011,43.139843195676804
TinyCNN,validation_patch,raw_logit_error_reduction,4012,35.025785595178604
TinyCNN,validation_patch,raw_logit_error_reduction,4013,31.40573973953724
TinyCNN,validation_patch,raw_logit_error_reduction,4014,28.843609005212784
TinyCNN,validation_patch,raw_logit_error_reduction,4015,49.31382143497467
TinyCNN,validation_patch,raw_logit_error_reduction,4016,40.48319986462593
TinyCNN,validation_patch,raw_logit_error_reduction,4017,48.92782197892666
TinyCNN,validation_patch,raw_logit_error_reduction,4018,56.465300515294075
TinyCNN,validation_patch,raw_logit_error_reduction,4019,28.103225961327553
TwoLayerCNN,contrast,raw_logit_error_reduction,4000,57.4586067199707
TwoLayerCNN,contrast,raw_logit_error_reduction,4001,116.3990478515625
TwoLayerCNN,contrast,raw_logit_error_reduction,4002,85.1763687133789
TwoLayerCNN,contrast,raw_logit_error_reduction,4003,88.3503475189209
TwoLayerCNN,contrast,raw_logit_error_reduction,4004,93.15410041809082
TwoLayerCNN,contrast,raw_logit_error_reduction,4005,94.98722267150879
TwoLayerCNN,contrast,raw_logit_error_reduction,4006,89.99428176879883
TwoLayerCNN,contrast,raw_logit_error_reduction,4007,98.53816413879395
TwoLayerCNN,contrast,raw_logit_error_reduction,4008,50.65907287597656
TwoLayerCNN,contrast,raw_logit_error_reduction,4009,67.95392227172852
TwoLayerCNN,contrast,raw_logit_error_reduction,4010,147.6155776977539
TwoLayerCNN,contrast,raw_logit_error_reduction,4011,72.65569305419922
TwoLayerCNN,contrast,raw_logit_error_reduction,4012,85.7162914276123
TwoLayerCNN,contrast,raw_logit_error_reduction,4013,96.80121231079102
TwoLayerCNN,contrast,raw_logit_error_reduction,4014,82.70499801635742
TwoLayerCNN,contrast,raw_logit_error_reduction,4015,72.47874069213867
TwoLayerCNN,contrast,raw_logit_error_reduction,4016,52.555551528930664
TwoLayerCNN,contrast,raw_logit_error_reduction,4017,117.01586151123047
TwoLayerCNN,contrast,raw_logit_error_reduction,4018,97.45096588134766
TwoLayerCNN,contrast,raw_logit_error_reduction,4019,86.1832160949707
TwoLayerCNN,auroc,raw_logit_error_reduction,4000,56.526695251464844
TwoLayerCNN,auroc,raw_logit_error_reduction,4001,81.07115936279297
TwoLayerCNN,auroc,raw_logit_error_reduction,4002,88.88504791259766
TwoLayerCNN,auroc,raw_logit_error_reduction,4003,93.40115928649902
TwoLayerCNN,auroc,raw_logit_error_reduction,4004,97.8209228515625
TwoLayerCNN,auroc,raw_logit_error_reduction,4005,102.95321464538574
TwoLayerCNN,auroc,raw_logit_error_reduction,4006,81.81310272216797
TwoLayerCNN,auroc,raw_logit_error_reduction,4007,95.92548942565918
TwoLayerCNN,auroc,raw_logit_error_reduction,4008,46.39879608154297
TwoLayerCNN,auroc,raw_logit_error_reduction,4009,65.43830108642578
TwoLayerCNN,auroc,raw_logit_error_reduction,4010,138.77118682861328
TwoLayerCNN,auroc,raw_logit_error_reduction,4011,85.86922836303711
TwoLayerCNN,auroc,raw_logit_error_reduction,4012,84.61777877807617
TwoLayerCNN,auroc,raw_logit_error_reduction,4013,98.64825057983398
TwoLayerCNN,auroc,raw_logit_error_reduction,4014,85.70378494262695
TwoLayerCNN,auroc,raw_logit_error_reduction,4015,98.04807662963867
TwoLayerCNN,auroc,raw_logit_error_reduction,4016,68.77996635437012
TwoLayerCNN,auroc,raw_logit_error_reduction,4017,117.21332168579102
TwoLayerCNN,auroc,raw_logit_error_reduction,4018,106.77994537353516
TwoLayerCNN,auroc,raw_logit_error_reduction,4019,79.88029098510742
TwoLayerCNN,validation_patch,raw_logit_error_reduction,4000,91.08916187286377
TwoLayerCNN,validation_patch,raw_logit_error_reduction,4001,112.62442111968994
TwoLayerCNN,validation_patch,raw_logit_error_reduction,4002,93.11108207702637
TwoLayerCNN,validation_patch,raw_logit_error_reduction,4003,91.33769416809082
TwoLayerCNN,validation_patch,raw_logit_error_reduction,4004,99.70648193359375
TwoLayerCNN,validation_patch,raw_logit_error_reduction,4005,112.81154251098633
TwoLayerCNN,validation_patch,raw_logit_error_reduction,4006,111.24845695495605
TwoLayerCNN,validation_patch,raw_logit_error_reduction,4007,75.1077241897583
TwoLayerCNN,validation_patch,raw_logit_error_reduction,4008,85.87992143630981
TwoLayerCNN,validation_patch,raw_logit_error_reduction,4009,95.82464218139648
TwoLayerCNN,validation_patch,raw_logit_error_reduction,4010,131.84168529510498
TwoLayerCNN,validation_patch,raw_logit_error_reduction,4011,85.94659805297852
TwoLayerCNN,validation_patch,raw_logit_error_reduction,4012,101.70475387573242
TwoLayerCNN,validation_patch,raw_logit_error_reduction,4013,84.54526138305664
TwoLayerCNN,validation_patch,raw_logit_error_reduction,4014,80.23973369598389
TwoLayerCNN,validation_patch,raw_logit_error_reduction,4015,116.21787548065186
TwoLayerCNN,validation_patch,raw_logit_error_reduction,4016,83.12503242492676
TwoLayerCNN,validation_patch,raw_logit_error_reduction,4017,101.86791896820068
TwoLayerCNN,validation_patch,raw_logit_error_reduction,4018,116.55620765686035
TwoLayerCNN,validation_patch,raw_logit_error_reduction,4019,124.03514003753662
TinyCNN,contrast,cf_accuracy,4000,0.3251953125
TinyCNN,contrast,cf_accuracy,4001,0.3525390625
TinyCNN,contrast,cf_accuracy,4002,0.1865234375
TinyCNN,contrast,cf_accuracy,4003,0.35546875
TinyCNN,contrast,cf_accuracy,4004,0.1923828125
TinyCNN,contrast,cf_accuracy,4005,0.2216796875
TinyCNN,contrast,cf_accuracy,4006,0.318359375
TinyCNN,contrast,cf_accuracy,4007,0.24609375
TinyCNN,contrast,cf_accuracy,4008,0.1806640625
TinyCNN,contrast,cf_accuracy,4009,0.4296875
TinyCNN,contrast,cf_accuracy,4010,0.087890625
TinyCNN,contrast,cf_accuracy,4011,0.28515625
TinyCNN,contrast,cf_accuracy,4012,0.44140625
TinyCNN,contrast,cf_accuracy,4013,0.3203125
TinyCNN,contrast,cf_accuracy,4014,0.2119140625
TinyCNN,contrast,cf_accuracy,4015,0.30859375
TinyCNN,contrast,cf_accuracy,4016,0.2353515625
TinyCNN,contrast,cf_accuracy,4017,0.21875
TinyCNN,contrast,cf_accuracy,4018,0.5224609375
TinyCNN,contrast,cf_accuracy,4019,0.0927734375
TinyCNN,auroc,cf_accuracy,4000,0.1328125
TinyCNN,auroc,cf_accuracy,4001,0.3466796875
TinyCNN,auroc,cf_accuracy,4002,0.2353515625
TinyCNN,auroc,cf_accuracy,4003,0.2734375
TinyCNN,auroc,cf_accuracy,4004,0.4853515625
TinyCNN,auroc,cf_accuracy,4005,0.1025390625
TinyCNN,auroc,cf_accuracy,4006,0.3564453125
TinyCNN,auroc,cf_accuracy,4007,0.2900390625
TinyCNN,auroc,cf_accuracy,4008,0.244140625
TinyCNN,auroc,cf_accuracy,4009,0.1826171875
TinyCNN,auroc,cf_accuracy,4010,0.0751953125
TinyCNN,auroc,cf_accuracy,4011,0.28515625
TinyCNN,auroc,cf_accuracy,4012,0.4443359375
TinyCNN,auroc,cf_accuracy,4013,0.291015625
TinyCNN,auroc,cf_accuracy,4014,0.0703125
TinyCNN,auroc,cf_accuracy,4015,0.115234375
TinyCNN,auroc,cf_accuracy,4016,0.1943359375
TinyCNN,auroc,cf_accuracy,4017,0.2275390625
TinyCNN,auroc,cf_accuracy,4018,0.3662109375
TinyCNN,auroc,cf_accuracy,4019,0.212890625
TinyCNN,validation_patch,cf_accuracy,4000,0.1142578125
TinyCNN,validation_patch,cf_accuracy,4001,0.216796875
TinyCNN,validation_patch,cf_accuracy,4002,0.119140625
TinyCNN,validation_patch,cf_accuracy,4003,0.27734375
TinyCNN,validation_patch,cf_accuracy,4004,0.18359375
TinyCNN,validation_patch,cf_accuracy,4005,0.0869140625
TinyCNN,validation_patch,cf_accuracy,4006,0.3046875
TinyCNN,validation_patch,cf_accuracy,4007,0.2529296875
TinyCNN,validation_patch,cf_accuracy,4008,0.173828125
TinyCNN,validation_patch,cf_accuracy,4009,0.2255859375
TinyCNN,validation_patch,cf_accuracy,4010,0.12109375
TinyCNN,validation_patch,cf_accuracy,4011,0.2080078125
TinyCNN,validation_patch,cf_accuracy,4012,0.2119140625
TinyCNN,validation_patch,cf_accuracy,4013,0.27734375
TinyCNN,validation_patch,cf_accuracy,4014,0.1826171875
TinyCNN,validation_patch,cf_accuracy,4015,0.228515625
TinyCNN,validation_patch,cf_accuracy,4016,0.1201171875
TinyCNN,validation_patch,cf_accuracy,4017,0.166015625
TinyCNN,validation_patch,cf_accuracy,4018,0.296875
TinyCNN,validation_patch,cf_accuracy,4019,0.1171875
TwoLayerCNN,contrast,cf_accuracy,4000,-0.052734375
TwoLayerCNN,contrast,cf_accuracy,4001,-0.0068359375
TwoLayerCNN,contrast,cf_accuracy,4002,-0.0068359375
TwoLayerCNN,contrast,cf_accuracy,4003,-0.0078125
TwoLayerCNN,contrast,cf_accuracy,4004,-0.078125
TwoLayerCNN,contrast,cf_accuracy,4005,0.0361328125
TwoLayerCNN,contrast,cf_accuracy,4006,-0.0166015625
TwoLayerCNN,contrast,cf_accuracy,4007,0.0458984375
TwoLayerCNN,contrast,cf_accuracy,4008,-0.150390625
TwoLayerCNN,contrast,cf_accuracy,4009,0.015625
TwoLayerCNN,contrast,cf_accuracy,4010,-0.0654296875
TwoLayerCNN,contrast,cf_accuracy,4011,-0.0751953125
TwoLayerCNN,contrast,cf_accuracy,4012,0.0986328125
TwoLayerCNN,contrast,cf_accuracy,4013,0.0859375
TwoLayerCNN,contrast,cf_accuracy,4014,0.04296875
TwoLayerCNN,contrast,cf_accuracy,4015,-0.0703125
TwoLayerCNN,contrast,cf_accuracy,4016,-0.1318359375
TwoLayerCNN,contrast,cf_accuracy,4017,-0.0048828125
TwoLayerCNN,contrast,cf_accuracy,4018,-0.0107421875
TwoLayerCNN,contrast,cf_accuracy,4019,0.046875
TwoLayerCNN,auroc,cf_accuracy,4000,-0.04296875
TwoLayerCNN,auroc,cf_accuracy,4001,0.0693359375
TwoLayerCNN,auroc,cf_accuracy,4002,0.0517578125
TwoLayerCNN,auroc,cf_accuracy,4003,0.0263671875
TwoLayerCNN,auroc,cf_accuracy,4004,-0.0009765625
TwoLayerCNN,auroc,cf_accuracy,4005,0.01953125
TwoLayerCNN,auroc,cf_accuracy,4006,-0.0205078125
TwoLayerCNN,auroc,cf_accuracy,4007,0.0458984375
TwoLayerCNN,auroc,cf_accuracy,4008,-0.150390625
TwoLayerCNN,auroc,cf_accuracy,4009,0.009765625
TwoLayerCNN,auroc,cf_accuracy,4010,-0.091796875
TwoLayerCNN,auroc,cf_accuracy,4011,-0.0966796875
TwoLayerCNN,auroc,cf_accuracy,4012,0.0859375
TwoLayerCNN,auroc,cf_accuracy,4013,0.078125
TwoLayerCNN,auroc,cf_accuracy,4014,0.0439453125
TwoLayerCNN,auroc,cf_accuracy,4015,-0.0673828125
TwoLayerCNN,auroc,cf_accuracy,4016,-0.060546875
TwoLayerCNN,auroc,cf_accuracy,4017,0.0234375
TwoLayerCNN,auroc,cf_accuracy,4018,-0.0166015625
TwoLayerCNN,auroc,cf_accuracy,4019,-0.01953125
TwoLayerCNN,validation_patch,cf_accuracy,4000,0.0166015625
TwoLayerCNN,validation_patch,cf_accuracy,4001,0.0205078125
TwoLayerCNN,validation_patch,cf_accuracy,4002,0.0283203125
TwoLayerCNN,validation_patch,cf_accuracy,4003,0.08203125
TwoLayerCNN,validation_patch,cf_accuracy,4004,-0.107421875
TwoLayerCNN,validation_patch,cf_accuracy,4005,-0.0244140625
TwoLayerCNN,validation_patch,cf_accuracy,4006,0.0615234375
TwoLayerCNN,validation_patch,cf_accuracy,4007,0.0322265625
TwoLayerCNN,validation_patch,cf_accuracy,4008,-0.0380859375
TwoLayerCNN,validation_patch,cf_accuracy,4009,0.09765625
TwoLayerCNN,validation_patch,cf_accuracy,4010,0.029296875
TwoLayerCNN,validation_patch,cf_accuracy,4011,-0.0126953125
TwoLayerCNN,validation_patch,cf_accuracy,4012,0.001953125
TwoLayerCNN,validation_patch,cf_accuracy,4013,-0.02734375
TwoLayerCNN,validation_patch,cf_accuracy,4014,-0.03125
TwoLayerCNN,validation_patch,cf_accuracy,4015,-0.0712890625
TwoLayerCNN,validation_patch,cf_accuracy,4016,-0.1103515625
TwoLayerCNN,validation_patch,cf_accuracy,4017,0.041015625
TwoLayerCNN,validation_patch,cf_accuracy,4018,0.0048828125
TwoLayerCNN,validation_patch,cf_accuracy,4019,0.009765625
TinyCNN,contrast,agreement,4000,0.3232421875
TinyCNN,contrast,agreement,4001,0.353515625
TinyCNN,contrast,agreement,4002,0.185546875
TinyCNN,contrast,agreement,4003,0.3525390625
TinyCNN,contrast,agreement,4004,0.197265625
TinyCNN,contrast,agreement,4005,0.2177734375
TinyCNN,contrast,agreement,4006,0.310546875
TinyCNN,contrast,agreement,4007,0.2470703125
TinyCNN,contrast,agreement,4008,0.1826171875
TinyCNN,contrast,agreement,4009,0.43359375
TinyCNN,contrast,agreement,4010,0.0869140625
TinyCNN,contrast,agreement,4011,0.2861328125
TinyCNN,contrast,agreement,4012,0.4482421875
TinyCNN,contrast,agreement,4013,0.3291015625
TinyCNN,contrast,agreement,4014,0.2138671875
TinyCNN,contrast,agreement,4015,0.3203125
TinyCNN,contrast,agreement,4016,0.2353515625
TinyCNN,contrast,agreement,4017,0.2216796875
TinyCNN,contrast,agreement,4018,0.5185546875
TinyCNN,contrast,agreement,4019,0.1083984375
TinyCNN,auroc,agreement,4000,0.1298828125
TinyCNN,auroc,agreement,4001,0.34765625
TinyCNN,auroc,agreement,4002,0.2333984375
TinyCNN,auroc,agreement,4003,0.2724609375
TinyCNN,auroc,agreement,4004,0.4921875
TinyCNN,auroc,agreement,4005,0.099609375
TinyCNN,auroc,agreement,4006,0.34765625
TinyCNN,auroc,agreement,4007,0.291015625
TinyCNN,auroc,agreement,4008,0.24609375
TinyCNN,auroc,agreement,4009,0.1865234375
TinyCNN,auroc,agreement,4010,0.07421875
TinyCNN,auroc,agreement,4011,0.2861328125
TinyCNN,auroc,agreement,4012,0.44921875
TinyCNN,auroc,agreement,4013,0.2998046875
TinyCNN,auroc,agreement,4014,0.072265625
TinyCNN,auroc,agreement,4015,0.1259765625
TinyCNN,auroc,agreement,4016,0.1953125
TinyCNN,auroc,agreement,4017,0.2294921875
TinyCNN,auroc,agreement,4018,0.3623046875
TinyCNN,auroc,agreement,4019,0.224609375
TinyCNN,validation_patch,agreement,4000,0.1142578125
TinyCNN,validation_patch,agreement,4001,0.2177734375
TinyCNN,validation_patch,agreement,4002,0.1181640625
TinyCNN,validation_patch,agreement,4003,0.2724609375
TinyCNN,validation_patch,agreement,4004,0.1875
TinyCNN,validation_patch,agreement,4005,0.0810546875
TinyCNN,validation_patch,agreement,4006,0.2958984375
TinyCNN,validation_patch,agreement,4007,0.25390625
TinyCNN,validation_patch,agreement,4008,0.173828125
TinyCNN,validation_patch,agreement,4009,0.2236328125
TinyCNN,validation_patch,agreement,4010,0.1201171875
TinyCNN,validation_patch,agreement,4011,0.2099609375
TinyCNN,validation_patch,agreement,4012,0.2197265625
TinyCNN,validation_patch,agreement,4013,0.2841796875
TinyCNN,validation_patch,agreement,4014,0.1845703125
TinyCNN,validation_patch,agreement,4015,0.2392578125
TinyCNN,validation_patch,agreement,4016,0.12109375
TinyCNN,validation_patch,agreement,4017,0.1669921875
TinyCNN,validation_patch,agreement,4018,0.294921875
TinyCNN,validation_patch,agreement,4019,0.126953125
TwoLayerCNN,contrast,agreement,4000,-0.0517578125
TwoLayerCNN,contrast,agreement,4001,-0.0087890625
TwoLayerCNN,contrast,agreement,4002,-0.0068359375
TwoLayerCNN,contrast,agreement,4003,-0.0068359375
TwoLayerCNN,contrast,agreement,4004,-0.080078125
TwoLayerCNN,contrast,agreement,4005,0.0361328125
TwoLayerCNN,contrast,agreement,4006,-0.021484375
TwoLayerCNN,contrast,agreement,4007,0.0458984375
TwoLayerCNN,contrast,agreement,4008,-0.15234375
TwoLayerCNN,contrast,agreement,4009,0.015625
TwoLayerCNN,contrast,agreement,4010,-0.06640625
TwoLayerCNN,contrast,agreement,4011,-0.0751953125
TwoLayerCNN,contrast,agreement,4012,0.09765625
TwoLayerCNN,contrast,agreement,4013,0.091796875
TwoLayerCNN,contrast,agreement,4014,0.04296875
TwoLayerCNN,contrast,agreement,4015,-0.0703125
TwoLayerCNN,contrast,agreement,4016,-0.130859375
TwoLayerCNN,contrast,agreement,4017,-0.001953125
TwoLayerCNN,contrast,agreement,4018,-0.0205078125
TwoLayerCNN,contrast,agreement,4019,0.046875
TwoLayerCNN,auroc,agreement,4000,-0.0439453125
TwoLayerCNN,auroc,agreement,4001,0.0673828125
TwoLayerCNN,auroc,agreement,4002,0.0517578125
TwoLayerCNN,auroc,agreement,4003,0.02734375
TwoLayerCNN,auroc,agreement,4004,-0.0029296875
TwoLayerCNN,auroc,agreement,4005,0.01953125
TwoLayerCNN,auroc,agreement,4006,-0.025390625
TwoLayerCNN,auroc,agreement,4007,0.0458984375
TwoLayerCNN,auroc,agreement,4008,-0.15234375
TwoLayerCNN,auroc,agreement,4009,0.009765625
TwoLayerCNN,auroc,agreement,4010,-0.0927734375
TwoLayerCNN,auroc,agreement,4011,-0.0966796875
TwoLayerCNN,auroc,agreement,4012,0.0849609375
TwoLayerCNN,auroc,agreement,4013,0.0849609375
TwoLayerCNN,auroc,agreement,4014,0.0439453125
TwoLayerCNN,auroc,agreement,4015,-0.0673828125
TwoLayerCNN,auroc,agreement,4016,-0.0595703125
TwoLayerCNN,auroc,agreement,4017,0.0302734375
TwoLayerCNN,auroc,agreement,4018,-0.0185546875
TwoLayerCNN,auroc,agreement,4019,-0.01953125
TwoLayerCNN,validation_patch,agreement,4000,0.0185546875
TwoLayerCNN,validation_patch,agreement,4001,0.025390625
TwoLayerCNN,validation_patch,agreement,4002,0.0283203125
TwoLayerCNN,validation_patch,agreement,4003,0.0810546875
TwoLayerCNN,validation_patch,agreement,4004,-0.109375
TwoLayerCNN,validation_patch,agreement,4005,-0.0263671875
TwoLayerCNN,validation_patch,agreement,4006,0.060546875
TwoLayerCNN,validation_patch,agreement,4007,0.0322265625
TwoLayerCNN,validation_patch,agreement,4008,-0.0380859375
TwoLayerCNN,validation_patch,agreement,4009,0.0966796875
TwoLayerCNN,validation_patch,agreement,4010,0.03125
TwoLayerCNN,validation_patch,agreement,4011,-0.0126953125
TwoLayerCNN,validation_patch,agreement,4012,0.005859375
TwoLayerCNN,validation_patch,agreement,4013,-0.0234375
TwoLayerCNN,validation_patch,agreement,4014,-0.03125
TwoLayerCNN,validation_patch,agreement,4015,-0.0712890625
TwoLayerCNN,validation_patch,agreement,4016,-0.109375
TwoLayerCNN,validation_patch,agreement,4017,0.0478515625
TwoLayerCNN,validation_patch,agreement,4018,0.0068359375
TwoLayerCNN,validation_patch,agreement,4019,0.009765625
