architecture,metric,block,delta
TinyCNN,prob_input_effect_mpp,4000,0.8834844827651978
TinyCNN,prob_input_effect_mpp,4001,0.8403917551040649
TinyCNN,prob_input_effect_mpp,4002,0.8516055345535278
TinyCNN,prob_input_effect_mpp,4003,0.8058607578277588
TinyCNN,prob_input_effect_mpp,4004,0.8701773881912231
TinyCNN,prob_input_effect_mpp,4005,0.8328211307525635
TinyCNN,prob_input_effect_mpp,4006,0.9396551847457886
TinyCNN,prob_input_effect_mpp,4007,0.8764880895614624
TinyCNN,prob_input_effect_mpp,4008,0.9389761686325073
TinyCNN,prob_input_effect_mpp,4009,0.8154064416885376
TinyCNN,prob_input_effect_mpp,4010,0.7885297536849976
TinyCNN,prob_input_effect_mpp,4011,0.8151271343231201
TinyCNN,prob_input_effect_mpp,4012,0.845932126045227
TinyCNN,prob_input_effect_mpp,4013,0.8025703430175781
TinyCNN,prob_input_effect_mpp,4014,0.8625526428222656
TinyCNN,prob_input_effect_mpp,4015,0.8401808738708496
TinyCNN,prob_input_effect_mpp,4016,0.905879020690918
TinyCNN,prob_input_effect_mpp,4017,0.8289551734924316
TinyCNN,prob_input_effect_mpp,4018,0.7585709095001221
TinyCNN,prob_input_effect_mpp,4019,0.8679990768432617
TinyCNN,centered_logit_input_effect_mpp,4000,122.77754020690918
TinyCNN,centered_logit_input_effect_mpp,4001,147.6502342224121
TinyCNN,centered_logit_input_effect_mpp,4002,113.2732925415039
TinyCNN,centered_logit_input_effect_mpp,4003,136.42694473266602
TinyCNN,centered_logit_input_effect_mpp,4004,131.45141220092773
TinyCNN,centered_logit_input_effect_mpp,4005,117.11863708496094
TinyCNN,centered_logit_input_effect_mpp,4006,138.63534927368164
TinyCNN,centered_logit_input_effect_mpp,4007,132.70010566711426
TinyCNN,centered_logit_input_effect_mpp,4008,129.7356662750244
TinyCNN,centered_logit_input_effect_mpp,4009,130.35332870483398
TinyCNN,centered_logit_input_effect_mpp,4010,136.25507736206055
TinyCNN,centered_logit_input_effect_mpp,4011,118.3884506225586
TinyCNN,centered_logit_input_effect_mpp,4012,123.4155502319336
TinyCNN,centered_logit_input_effect_mpp,4013,117.73683547973633
TinyCNN,centered_logit_input_effect_mpp,4014,107.17799758911133
TinyCNN,centered_logit_input_effect_mpp,4015,123.65264511108398
TinyCNN,centered_logit_input_effect_mpp,4016,111.29743194580078
TinyCNN,centered_logit_input_effect_mpp,4017,136.4003791809082
TinyCNN,centered_logit_input_effect_mpp,4018,148.0076084136963
TinyCNN,centered_logit_input_effect_mpp,4019,108.28507614135742
TinyCNN,raw_logit_input_effect_mpp,4000,125.56344223022461
TinyCNN,raw_logit_input_effect_mpp,4001,148.21715545654297
TinyCNN,raw_logit_input_effect_mpp,4002,113.50603485107422
TinyCNN,raw_logit_input_effect_mpp,4003,139.11692810058594
TinyCNN,raw_logit_input_effect_mpp,4004,132.10824012756348
TinyCNN,raw_logit_input_effect_mpp,4005,117.55132675170898
TinyCNN,raw_logit_input_effect_mpp,4006,138.67617797851562
TinyCNN,raw_logit_input_effect_mpp,4007,134.2127285003662
TinyCNN,raw_logit_input_effect_mpp,4008,133.0540065765381
TinyCNN,raw_logit_input_effect_mpp,4009,131.78439903259277
TinyCNN,raw_logit_input_effect_mpp,4010,136.57961463928223
TinyCNN,raw_logit_input_effect_mpp,4011,118.91851234436035
TinyCNN,raw_logit_input_effect_mpp,4012,123.82476425170898
TinyCNN,raw_logit_input_effect_mpp,4013,119.29745483398438
TinyCNN,raw_logit_input_effect_mpp,4014,107.39382362365723
TinyCNN,raw_logit_input_effect_mpp,4015,123.97089004516602
TinyCNN,raw_logit_input_effect_mpp,4016,112.81113243103027
TinyCNN,raw_logit_input_effect_mpp,4017,136.66529655456543
TinyCNN,raw_logit_input_effect_mpp,4018,151.37354278564453
TinyCNN,raw_logit_input_effect_mpp,4019,109.89373779296875
TwoLayerCNN,prob_input_effect_mpp,4000,0.0699458122253418
TwoLayerCNN,prob_input_effect_mpp,4001,0.11243057250976562
TwoLayerCNN,prob_input_effect_mpp,4002,0.04293680191040039
TwoLayerCNN,prob_input_effect_mpp,4003,0.0722494125366211
TwoLayerCNN,prob_input_effect_mpp,4004,0.08834338188171387
TwoLayerCNN,prob_input_effect_mpp,4005,0.041382670402526855
TwoLayerCNN,prob_input_effect_mpp,4006,0.08171308040618896
TwoLayerCNN,prob_input_effect_mpp,4007,0.057007670402526855
TwoLayerCNN,prob_input_effect_mpp,4008,0.06192958354949951
TwoLayerCNN,prob_input_effect_mpp,4009,0.053632497787475586
TwoLayerCNN,prob_input_effect_mpp,4010,0.04778921604156494
TwoLayerCNN,prob_input_effect_mpp,4011,0.02882826328277588
TwoLayerCNN,prob_input_effect_mpp,4012,0.050922274589538574
TwoLayerCNN,prob_input_effect_mpp,4013,0.07403802871704102
TwoLayerCNN,prob_input_effect_mpp,4014,0.05494260787963867
TwoLayerCNN,prob_input_effect_mpp,4015,0.051067233085632324
TwoLayerCNN,prob_input_effect_mpp,4016,0.07366979122161865
TwoLayerCNN,prob_input_effect_mpp,4017,0.06737864017486572
TwoLayerCNN,prob_input_effect_mpp,4018,0.05821871757507324
TwoLayerCNN,prob_input_effect_mpp,4019,0.052811384201049805
TwoLayerCNN,centered_logit_input_effect_mpp,4000,198.7562255859375
TwoLayerCNN,centered_logit_input_effect_mpp,4001,229.33505249023438
TwoLayerCNN,centered_logit_input_effect_mpp,4002,194.28834533691406
TwoLayerCNN,centered_logit_input_effect_mpp,4003,211.3424072265625
TwoLayerCNN,centered_logit_input_effect_mpp,4004,238.8160400390625
TwoLayerCNN,centered_logit_input_effect_mpp,4005,244.072509765625
TwoLayerCNN,centered_logit_input_effect_mpp,4006,217.93370056152344
TwoLayerCNN,centered_logit_input_effect_mpp,4007,191.37081909179688
TwoLayerCNN,centered_logit_input_effect_mpp,4008,173.07977294921875
TwoLayerCNN,centered_logit_input_effect_mpp,4009,202.14312744140625
TwoLayerCNN,centered_logit_input_effect_mpp,4010,243.66134643554688
TwoLayerCNN,centered_logit_input_effect_mpp,4011,189.05538940429688
TwoLayerCNN,centered_logit_input_effect_mpp,4012,181.6544952392578
TwoLayerCNN,centered_logit_input_effect_mpp,4013,189.95684814453125
TwoLayerCNN,centered_logit_input_effect_mpp,4014,175.16360473632812
TwoLayerCNN,centered_logit_input_effect_mpp,4015,223.98446655273438
TwoLayerCNN,centered_logit_input_effect_mpp,4016,232.21826171875
TwoLayerCNN,centered_logit_input_effect_mpp,4017,220.3778533935547
TwoLayerCNN,centered_logit_input_effect_mpp,4018,236.90191650390625
TwoLayerCNN,centered_logit_input_effect_mpp,4019,233.25665283203125
TwoLayerCNN,raw_logit_input_effect_mpp,4000,198.87705993652344
TwoLayerCNN,raw_logit_input_effect_mpp,4001,232.73025512695312
TwoLayerCNN,raw_logit_input_effect_mpp,4002,197.63613891601562
TwoLayerCNN,raw_logit_input_effect_mpp,4003,212.2034912109375
TwoLayerCNN,raw_logit_input_effect_mpp,4004,238.68978881835938
TwoLayerCNN,raw_logit_input_effect_mpp,4005,248.7647705078125
TwoLayerCNN,raw_logit_input_effect_mpp,4006,230.3402862548828
TwoLayerCNN,raw_logit_input_effect_mpp,4007,192.80514526367188
TwoLayerCNN,raw_logit_input_effect_mpp,4008,175.93626403808594
TwoLayerCNN,raw_logit_input_effect_mpp,4009,210.46417236328125
TwoLayerCNN,raw_logit_input_effect_mpp,4010,245.94427490234375
TwoLayerCNN,raw_logit_input_effect_mpp,4011,188.55580139160156
TwoLayerCNN,raw_logit_input_effect_mpp,4012,184.57432556152344
TwoLayerCNN,raw_logit_input_effect_mpp,4013,202.03102111816406
TwoLayerCNN,raw_logit_input_effect_mpp,4014,180.84396362304688
TwoLayerCNN,raw_logit_input_effect_mpp,4015,224.44081115722656
TwoLayerCNN,raw_logit_input_effect_mpp,4016,233.2275848388672
TwoLayerCNN,raw_logit_input_effect_mpp,4017,221.93661499023438
TwoLayerCNN,raw_logit_input_effect_mpp,4018,248.77879333496094
TwoLayerCNN,raw_logit_input_effect_mpp,4019,237.3293914794922
