architecture,method,k,metric,n,mean,sd,ci_low,ci_high
TinyCNN,contrast,1,centered_logit_fidelity,20,-0.21134208295811896,0.14454899456510084,-0.2789930948481008,-0.1436910710681371
TinyCNN,contrast,2,centered_logit_fidelity,20,-0.17451609498095583,0.09885613879893279,-0.22078219210190356,-0.1282499978600081
TinyCNN,contrast,4,centered_logit_fidelity,20,-0.034049483778826106,0.03277465497557118,-0.04938849447283572,-0.018710473084816496
TinyCNN,contrast,8,centered_logit_fidelity,20,0.0059536472591545046,0.007308561368890735,0.002533135248309552,0.009374159269999457
TinyCNN,auroc,1,centered_logit_fidelity,20,-0.1564989130640405,0.1345686356601797,-0.21947897320527796,-0.09351885292280307
TinyCNN,auroc,2,centered_logit_fidelity,20,-0.17329849857434673,0.10624266866726406,-0.22302159808712452,-0.12357539906156895
TinyCNN,auroc,4,centered_logit_fidelity,20,-0.04187942605446325,0.05098960325526231,-0.06574329495556204,-0.018015557153364458
TinyCNN,auroc,8,centered_logit_fidelity,20,0.004569800704285221,0.008485222675244637,0.0005985942505897599,0.008541007157980682
TinyCNN,validation_patch,1,centered_logit_fidelity,20,-0.11691865274749698,0.04477303986390383,-0.13787308042301732,-0.09596422507197663
TinyCNN,validation_patch,2,centered_logit_fidelity,20,-0.09179170565865742,0.04233666642416707,-0.11160587546496212,-0.07197753585235273
TinyCNN,validation_patch,4,centered_logit_fidelity,20,-0.01832192257342117,0.023503422071281563,-0.02932186270294885,-0.007321982443893489
TinyCNN,validation_patch,8,centered_logit_fidelity,20,0.007934813151720316,0.007317347317811857,0.004510189190206208,0.011359437113234424
TwoLayerCNN,contrast,1,centered_logit_fidelity,20,-0.004415055295934123,0.04966033384674665,-0.0276568069638343,0.018826696371966056
TwoLayerCNN,contrast,2,centered_logit_fidelity,20,-0.02609810250648919,0.060334443905327786,-0.05433549145751711,0.002139286444538733
TwoLayerCNN,contrast,4,centered_logit_fidelity,20,-0.05451389322777457,0.05863786250834229,-0.08195725764334925,-0.02707052881219989
TwoLayerCNN,contrast,8,centered_logit_fidelity,20,0.020332212702882425,0.042822087676270326,0.00029085875741101386,0.040373566648353836
TwoLayerCNN,auroc,1,centered_logit_fidelity,20,-0.016972937051361225,0.05069842877754146,-0.040700532102104864,0.006754657999382414
TwoLayerCNN,auroc,2,centered_logit_fidelity,20,-0.03486642328261423,0.058843171231414255,-0.06240587513835027,-0.007326971426878194
TwoLayerCNN,auroc,4,centered_logit_fidelity,20,-0.062432985220571745,0.044421883232899535,-0.08322306653387221,-0.04164290390727129
TwoLayerCNN,auroc,8,centered_logit_fidelity,20,0.023776668282771772,0.047525854522858235,0.0015338836886568223,0.04601945287688672
TwoLayerCNN,validation_patch,1,centered_logit_fidelity,20,-0.007341251551264366,0.04267913258983021,-0.027315700456810796,0.012633197354282066
TwoLayerCNN,validation_patch,2,centered_logit_fidelity,20,-0.015401889598126661,0.0479494248273504,-0.03784291119687562,0.007039132000622297
TwoLayerCNN,validation_patch,4,centered_logit_fidelity,20,-0.012969901972879389,0.04530548201307521,-0.034173520244797126,0.00823371629903835
TwoLayerCNN,validation_patch,8,centered_logit_fidelity,20,0.0006106212887107887,0.02340572897285867,-0.010343597063347176,0.011564839640768753
TinyCNN,contrast,1,prob_error_reduction,20,-0.2294229432940483,0.21559778395901594,-0.3303258121790772,-0.12852007440901939
TinyCNN,contrast,2,prob_error_reduction,20,0.04492556415498257,0.3404929398182197,-0.11443003696421496,0.2042811652741801
TinyCNN,contrast,4,prob_error_reduction,20,0.7542872032150626,0.10900097995396381,0.7032731742827186,0.8053012321474066
TinyCNN,contrast,8,prob_error_reduction,20,0.850038039626088,0.04463710764769086,0.829147230186052,0.8709288490661241
TinyCNN,auroc,1,prob_error_reduction,20,-0.18651539236307144,0.19288719590146372,-0.27678937885889776,-0.09624140586724514
TinyCNN,auroc,2,prob_error_reduction,20,0.05281562246382236,0.30843314334724764,-0.09153553204006974,0.19716677696771445
TinyCNN,auroc,4,prob_error_reduction,20,0.7308179486542941,0.18438347207214847,0.6445238274188037,0.8171120698897845
TinyCNN,auroc,8,prob_error_reduction,20,0.8482436181395314,0.04633442139139502,0.8265584414152273,0.8699287948638356
TinyCNN,validation_patch,1,prob_error_reduction,20,-0.07581697553396224,0.15743345310922233,-0.14949809964151317,-0.002135851426411303
TinyCNN,validation_patch,2,prob_error_reduction,20,0.3502948582172394,0.16196399333192066,0.27449337601660073,0.42609634041787803
TinyCNN,validation_patch,4,prob_error_reduction,20,0.7961383642628789,0.0856613050928185,0.7560476394067078,0.8362290891190499
TinyCNN,validation_patch,8,prob_error_reduction,20,0.8540868663156289,0.04760147797361769,0.8318086888570954,0.8763650437741625
TwoLayerCNN,contrast,1,prob_error_reduction,20,-0.022140079736709596,0.035209911739372456,-0.038618825679509756,-0.005661333793909436
TwoLayerCNN,contrast,2,prob_error_reduction,20,-0.07096521854400635,0.04758131961856483,-0.09323396160196544,-0.04869647548604726
TwoLayerCNN,contrast,4,prob_error_reduction,20,-0.24267441630363465,0.13726183184076737,-0.3069149310567022,-0.1784339015505671
TwoLayerCNN,contrast,8,prob_error_reduction,20,0.034699947386980054,0.20140223619169087,-0.0595592006359186,0.1289590954098787
TwoLayerCNN,auroc,1,prob_error_reduction,20,-0.02676510214805603,0.034557003402057584,-0.04293827758292115,-0.010591926713190907
TwoLayerCNN,auroc,2,prob_error_reduction,20,-0.08259566426277161,0.05299402993267405,-0.1073976337255115,-0.057793694800031714
TwoLayerCNN,auroc,4,prob_error_reduction,20,-0.24437205791473388,0.1207237484716499,-0.3008725113964808,-0.18787160443298695
TwoLayerCNN,auroc,8,prob_error_reduction,20,0.05707619711756706,0.21774489097179214,-0.04483154878156635,0.1589839430167005
TwoLayerCNN,validation_patch,1,prob_error_reduction,20,-0.047562909126281736,0.05145424192277717,-0.07164423561755724,-0.023481582635006232
TwoLayerCNN,validation_patch,2,prob_error_reduction,20,-0.13940081596374512,0.11799383873376956,-0.19462363235993801,-0.08417799956755223
TwoLayerCNN,validation_patch,4,prob_error_reduction,20,-0.14161397218704225,0.21849754245446834,-0.24387396982308143,-0.03935397455100306
TwoLayerCNN,validation_patch,8,prob_error_reduction,20,0.07860149019397795,0.04150822279635079,0.05917504394039806,0.09802793644755785
TinyCNN,contrast,1,prob_fidelity,20,-0.3459066201496159,0.12266131698868048,-0.40331388361075876,-0.288499356688473
TinyCNN,contrast,2,prob_fidelity,20,-0.33168001156215293,0.16341619709097113,-0.4081611460430844,-0.25519887708122146
TinyCNN,contrast,4,prob_fidelity,20,-0.022144804051977433,0.0432774752114553,-0.04239928592441947,-0.0018903221795353933
TinyCNN,contrast,8,prob_fidelity,20,0.006510802170668267,0.005907211945429168,0.0037461418784315763,0.009275462462904959
TinyCNN,auroc,1,prob_fidelity,20,-0.30396845559926,0.13287707949515715,-0.36615684308599844,-0.24178006811252156
TinyCNN,auroc,2,prob_fidelity,20,-0.3236541183391291,0.16053264123609556,-0.3987857071382623,-0.24852252953999593
TinyCNN,auroc,4,prob_fidelity,20,-0.03318482599480063,0.07782159889037712,-0.06960645540612956,0.0032368034165282944
TinyCNN,auroc,8,prob_fidelity,20,0.005846047305371566,0.007039235834832397,0.0025515835244826536,0.009140511086260478
TinyCNN,validation_patch,1,prob_fidelity,20,-0.28559667584718446,0.07168536200184221,-0.3191464579934737,-0.2520468937008952
TinyCNN,validation_patch,2,prob_fidelity,20,-0.17333095270189408,0.07146164890047994,-0.20677603389384092,-0.13988587150994725
TinyCNN,validation_patch,4,prob_fidelity,20,-0.005192604103349807,0.032070306293131366,-0.0202019694668347,0.009816761260135084
TinyCNN,validation_patch,8,prob_fidelity,20,0.007261752847405151,0.005514301269894444,0.004680980411754894,0.009842525283055409
TwoLayerCNN,contrast,1,prob_fidelity,20,-0.01169598050675028,0.01813691161859717,-0.02018431643221858,-0.0032076445812819817
TwoLayerCNN,contrast,2,prob_fidelity,20,-0.037823932279713326,0.024585073421346155,-0.04933010082379479,-0.026317763735631862
TwoLayerCNN,contrast,4,prob_fidelity,20,-0.13127763414443788,0.07102109411762045,-0.16451652935118927,-0.0980387389376865
TwoLayerCNN,contrast,8,prob_fidelity,20,-0.002016022328155481,0.10100321723838314,-0.04928698309047956,0.0452549384341686
TwoLayerCNN,auroc,1,prob_fidelity,20,-0.014104562457007475,0.017804323965342372,-0.022437242569355136,-0.005771882344659814
TwoLayerCNN,auroc,2,prob_fidelity,20,-0.04379957113786201,0.02709801084497137,-0.05648183059863183,-0.03111731167709219
TwoLayerCNN,auroc,4,prob_fidelity,20,-0.13193450665044998,0.06297966755056683,-0.1614098983756524,-0.10245911492524756
TwoLayerCNN,auroc,8,prob_fidelity,20,0.010441378347974461,0.10822033256574035,-0.040207296360346804,0.06109005305629573
TwoLayerCNN,validation_patch,1,prob_fidelity,20,-0.02556598353868389,0.02656305940014064,-0.03799787801653778,-0.013134089060830002
TwoLayerCNN,validation_patch,2,prob_fidelity,20,-0.07602424400684235,0.0614326679419093,-0.10477561762846706,-0.047272870385217644
TwoLayerCNN,validation_patch,4,prob_fidelity,20,-0.08831549354756751,0.11061811328252838,-0.14008636417478146,-0.03654462292035357
TwoLayerCNN,validation_patch,8,prob_fidelity,20,0.009960346670625874,0.024448335913386632,-0.0014818267498325748,0.021402520091084322
TinyCNN,contrast,1,raw_logit_fidelity,20,-0.21202812997950712,0.14474840367527406,-0.2797724682058214,-0.14428379175319284
TinyCNN,contrast,2,raw_logit_fidelity,20,-0.17593490022957006,0.09802291738455436,-0.22181103772485108,-0.13005876273428904
TinyCNN,contrast,4,raw_logit_fidelity,20,-0.03476841202559901,0.03240149545647556,-0.04993277868877914,-0.019604045362418873
TinyCNN,contrast,8,raw_logit_fidelity,20,0.005931924240470987,0.007364301225669681,0.0024853251736417043,0.009378523307300268
TinyCNN,auroc,1,raw_logit_fidelity,20,-0.15594530500874043,0.13490305728255841,-0.21908187928706943,-0.09280873073041143
TinyCNN,auroc,2,raw_logit_fidelity,20,-0.17315609435658855,0.10519531520185596,-0.2223890173589415,-0.12392317135423558
TinyCNN,auroc,4,raw_logit_fidelity,20,-0.042675705259786575,0.05101540126615495,-0.0665516480016401,-0.018799762517933048
TinyCNN,auroc,8,raw_logit_fidelity,20,0.00447901483227795,0.008671318593193466,0.0004207128080064978,0.0085373168565494
TinyCNN,validation_patch,1,raw_logit_fidelity,20,-0.11691967518645892,0.044435593195170243,-0.13771617295961355,-0.0961231774133043
TinyCNN,validation_patch,2,raw_logit_fidelity,20,-0.09192708586598146,0.04216813771271627,-0.1116623818074318,-0.07219178992453112
TinyCNN,validation_patch,4,raw_logit_fidelity,20,-0.01852404908955523,0.023785953327305636,-0.029656217917166088,-0.007391880261944369
TinyCNN,validation_patch,8,raw_logit_fidelity,20,0.007871905490649794,0.007399107855538212,0.004409016419603113,0.011334794561696475
TwoLayerCNN,contrast,1,raw_logit_fidelity,20,-0.0040631717818628895,0.04849342116194451,-0.026758791502241516,0.01863244793851574
TwoLayerCNN,contrast,2,raw_logit_fidelity,20,-0.02555208416173637,0.059928405892755256,-0.05359944147332624,0.002495273149853497
TwoLayerCNN,contrast,4,raw_logit_fidelity,20,-0.05473389285234807,0.058928786118720614,-0.08231341370874751,-0.027154371995948643
TwoLayerCNN,contrast,8,raw_logit_fidelity,20,0.020170019648471683,0.042588108533571006,0.00023817131258533145,0.04010186798435804
TwoLayerCNN,auroc,1,raw_logit_fidelity,20,-0.016522126250194717,0.049620556019373985,-0.0397452613218284,0.00670100882143897
TwoLayerCNN,auroc,2,raw_logit_fidelity,20,-0.0344235083120447,0.05836352087954151,-0.061738476893059904,-0.007108539731029494
TwoLayerCNN,auroc,4,raw_logit_fidelity,20,-0.06266704318814809,0.04420838721727383,-0.08335720529042245,-0.04197688108587371
TwoLayerCNN,auroc,8,raw_logit_fidelity,20,0.023516390897606865,0.0472209654998065,0.001416298758639422,0.04561648303657431
TwoLayerCNN,validation_patch,1,raw_logit_fidelity,20,-0.007618735034858354,0.04139347978750304,-0.026991479907261532,0.011754009837544824
TwoLayerCNN,validation_patch,2,raw_logit_fidelity,20,-0.015207056567071008,0.04747699884363097,-0.03742697599947217,0.007012862865330153
TwoLayerCNN,validation_patch,4,raw_logit_fidelity,20,-0.012613947696501194,0.0451234400688689,-0.03373236771595769,0.0085044723229553
TwoLayerCNN,validation_patch,8,raw_logit_fidelity,20,0.000673005640520219,0.02354461326287795,-0.010346212560092171,0.01169222384113261
TinyCNN,contrast,1,centered_logit_error_reduction,20,41.72130935192108,21.44328995980651,31.685540729692015,51.75707797415014
TinyCNN,contrast,2,centered_logit_error_reduction,20,76.33747045993805,16.27337157323634,68.72129812263904,83.95364279723705
TinyCNN,contrast,4,centered_logit_error_reduction,20,113.58836903870106,12.685910851147863,107.65118000180507,119.52555807559705
TinyCNN,contrast,8,centered_logit_error_reduction,20,124.8109834447503,12.4754145830459,118.97230969382368,130.64965719567695
TinyCNN,auroc,1,centered_logit_error_reduction,20,45.04948062896729,16.731644328442666,37.218830040161976,52.8801312177726
TinyCNN,auroc,2,centered_logit_error_reduction,20,75.95975797176361,16.708371473444398,68.139999414376,83.77951652915121
TinyCNN,auroc,4,centered_logit_error_reduction,20,112.200140401721,15.002612968847341,105.17870139835813,119.22157940508387
TinyCNN,auroc,8,centered_logit_error_reduction,20,124.61052895635366,12.653230226545407,118.68863492258242,130.5324229901249
TinyCNN,validation_patch,1,centered_logit_error_reduction,20,62.272817730903625,10.126973197422345,57.53324838108157,67.01238708072567
TinyCNN,validation_patch,2,centered_logit_error_reduction,20,90.28946025371552,10.870641309487254,85.20184351385198,95.37707699357905
TinyCNN,validation_patch,4,centered_logit_error_reduction,20,116.61529659628869,12.35738574959061,110.83186203979206,122.39873115278532
TinyCNN,validation_patch,8,centered_logit_error_reduction,20,125.54718464240432,12.337744110433064,119.77294265599913,131.32142662880952
TwoLayerCNN,contrast,1,centered_logit_error_reduction,20,24.349245452880858,15.113661920460823,17.275833940345045,31.42265696541667
TwoLayerCNN,contrast,2,centered_logit_error_reduction,20,45.4706371307373,17.935074100120968,37.07676407167192,53.86451018980269
TwoLayerCNN,contrast,4,centered_logit_error_reduction,20,83.48467407226562,23.71669381402361,72.38491969465238,94.58442844987886
TwoLayerCNN,contrast,8,centered_logit_error_reduction,20,158.91053104400635,25.85293690967324,146.810984122014,171.0100779659987
TwoLayerCNN,auroc,1,centered_logit_error_reduction,20,21.022796630859375,15.087332600894703,13.961707619191738,28.08388564252701
TwoLayerCNN,auroc,2,centered_logit_error_reduction,20,42.19561424255371,17.758237986265026,33.88450303234821,50.506725452759206
TwoLayerCNN,auroc,4,centered_logit_error_reduction,20,79.87046012878417,21.39247934220733,69.85847160759062,89.88244864997773
TwoLayerCNN,auroc,8,centered_logit_error_reduction,20,157.95776767730712,26.376273099626964,145.61329187901552,170.30224347559871
TwoLayerCNN,validation_patch,1,centered_logit_error_reduction,20,48.499917602539064,13.899380731550613,41.994807179857936,55.00502802522019
TwoLayerCNN,validation_patch,2,centered_logit_error_reduction,20,83.08059768676758,20.702911221326705,73.39133698035407,92.76985839318108
TwoLayerCNN,validation_patch,4,centered_logit_error_reduction,20,135.90741367340087,23.397176517794747,124.95719799352308,146.85762935327867
TwoLayerCNN,validation_patch,8,centered_logit_error_reduction,20,191.21671223640442,23.17514836860057,180.37040892898025,202.06301554382858
TinyCNN,contrast,1,raw_logit_error_reduction,20,41.92617778778076,21.57051956720994,31.830863876363736,52.02149169919778
TinyCNN,contrast,2,raw_logit_error_reduction,20,76.76586753129959,16.216559100693544,69.17628424961495,84.35545081298423
TinyCNN,contrast,4,raw_logit_error_reduction,20,114.49180852174759,12.888014138637299,108.46003223472172,120.52358480877345
TinyCNN,contrast,8,raw_logit_error_reduction,20,125.96283604204655,12.754564581063551,119.99351607049556,131.93215601359753
TinyCNN,auroc,1,raw_logit_error_reduction,20,45.54977450370789,17.14189671249263,37.52711988889908,53.572429118516695
TinyCNN,auroc,2,raw_logit_error_reduction,20,76.61479555368423,16.699104114451234,68.7993742538149,84.43021685355356
TinyCNN,auroc,4,raw_logit_error_reduction,20,113.0517710864544,15.219534398862018,105.92880972878343,120.17473244412535
TinyCNN,auroc,8,raw_logit_error_reduction,20,125.74919183254242,12.957025128293877,119.68511740815597,131.81326625692887
TinyCNN,validation_patch,1,raw_logit_error_reduction,20,62.81693451404571,10.248896777506317,58.02030317226207,67.61356585582936
TinyCNN,validation_patch,2,raw_logit_error_reduction,20,91.03711693286895,10.99272038735483,85.89236542584094,96.18186843989697
TinyCNN,validation_patch,4,raw_logit_error_reduction,20,117.6311298072338,12.648244310399374,111.71156925404811,123.5506903604195
TinyCNN,validation_patch,8,raw_logit_error_reduction,20,126.696646989882,12.61699951688874,120.7917094501849,132.6015845295791
TwoLayerCNN,contrast,1,raw_logit_error_reduction,20,24.902288055419923,15.448671641081877,17.67208716734274,32.1324889434971
TwoLayerCNN,contrast,2,raw_logit_error_reduction,20,46.493861770629884,18.392077345066422,37.88610460914937,55.1016189321104
TwoLayerCNN,contrast,4,raw_logit_error_reduction,20,84.91251258850097,23.897330435709083,73.72821766961191,96.09680750739004
TwoLayerCNN,contrast,8,raw_logit_error_reduction,20,161.8685615539551,26.868654863362714,149.2936439967767,174.44347911113348
TwoLayerCNN,auroc,1,raw_logit_error_reduction,20,21.561637115478515,15.509726683170436,14.302861588119313,28.820412642837717
TwoLayerCNN,auroc,2,raw_logit_error_reduction,20,43.10930061340332,18.286510564365432,34.55095022613024,51.6676510006764
TwoLayerCNN,auroc,4,raw_logit_error_reduction,20,81.2823917388916,21.719693561227984,71.11726224921094,91.44752122857227
TwoLayerCNN,auroc,8,raw_logit_error_reduction,20,160.84311790466307,27.15803885066381,148.13276447244053,173.55347133688562
TwoLayerCNN,validation_patch,1,raw_logit_error_reduction,20,49.196883010864255,13.771368947474258,42.75168394732238,55.64208207440613
TwoLayerCNN,validation_patch,2,raw_logit_error_reduction,20,84.55418472290039,21.012831213039757,74.71987699552763,94.38849245027315
TwoLayerCNN,validation_patch,4,raw_logit_error_reduction,20,138.4963270187378,23.847649343423615,127.335283566765,149.6573704707106
TwoLayerCNN,validation_patch,8,raw_logit_error_reduction,20,194.7368742465973,23.53526216350982,183.72203249520504,205.75171599798955
TinyCNN,contrast,1,cf_accuracy,20,-0.20087890625,0.11595305655700769,-0.2551466071871033,-0.14661120531289668
TinyCNN,contrast,2,cf_accuracy,20,-0.36259765625,0.16547509600572352,-0.4400423850843979,-0.2851529274156021
TinyCNN,contrast,4,cf_accuracy,20,-0.02412109375,0.06052622936949682,-0.05244824106120097,0.0042060535612009654
TinyCNN,contrast,8,cf_accuracy,20,0.01396484375,0.011411033238011575,0.008624315802474039,0.019305371697525962
TinyCNN,auroc,1,cf_accuracy,20,-0.16962890625,0.1217061179001645,-0.22658912277671822,-0.11266868972328174
TinyCNN,auroc,2,cf_accuracy,20,-0.3462890625,0.17149036938030443,-0.42654902593225597,-0.2660290990677441
TinyCNN,auroc,4,cf_accuracy,20,-0.0369140625,0.09289136160125812,-0.08038855796135093,0.006560432961350934
TinyCNN,auroc,8,cf_accuracy,20,0.01416015625,0.010991609430522433,0.009015924686774453,0.01930438781322555
TinyCNN,validation_patch,1,cf_accuracy,20,-0.17939453125,0.08401251966828871,-0.21871360077439594,-0.14007546172560403
TinyCNN,validation_patch,2,cf_accuracy,20,-0.1990234375,0.0951548473046083,-0.24355727687924436,-0.15448959812075566
TinyCNN,validation_patch,4,cf_accuracy,20,-0.0046875,0.052889862754944277,-0.029440717722886263,0.02006571772288626
TinyCNN,validation_patch,8,cf_accuracy,20,0.01474609375,0.008768479187200785,0.010642319167996805,0.018849868332003195
TwoLayerCNN,contrast,1,cf_accuracy,20,-0.00322265625,0.006532565804484941,-0.0062799911573850845,-0.00016532134261491513
TwoLayerCNN,contrast,2,cf_accuracy,20,-0.0087890625,0.012081488475979698,-0.014443373157754739,-0.003134751842245262
TwoLayerCNN,contrast,4,cf_accuracy,20,-0.06708984375,0.06459244996746243,-0.09732004088073029,-0.036859646619269715
TwoLayerCNN,contrast,8,cf_accuracy,20,0.02451171875,0.1209103605899017,-0.03207607189150129,0.08109950939150129
TwoLayerCNN,auroc,1,cf_accuracy,20,-0.003125,0.005855947462415095,-0.005865667775648436,-0.0003843322243515649
TwoLayerCNN,auroc,2,cf_accuracy,20,-0.01015625,0.012714670843021521,-0.016106899127421376,-0.004205600872578623
TwoLayerCNN,auroc,4,cf_accuracy,20,-0.06357421875,0.060054017897730856,-0.09168036428953773,-0.03546807321046226
TwoLayerCNN,auroc,8,cf_accuracy,20,0.03896484375,0.11971049639456992,-0.017061393162338574,0.09499108066233858
TwoLayerCNN,validation_patch,1,cf_accuracy,20,-0.0041015625,0.014791991218718261,-0.011024427489997091,0.002821302489997091
TwoLayerCNN,validation_patch,2,cf_accuracy,20,-0.028125,0.054978227458231256,-0.05385560248988343,-0.0023943975101165735
TwoLayerCNN,validation_patch,4,cf_accuracy,20,-0.050390625,0.12966037386726148,-0.11107354791167123,0.010292297911671237
TwoLayerCNN,validation_patch,8,cf_accuracy,20,0.01845703125,0.03676134737813232,0.0012521910776269324,0.035661871422373065
TinyCNN,contrast,1,agreement,20,-0.20791015625,0.11519948003941582,-0.2618251725205306,-0.15399513997946943
TinyCNN,contrast,2,agreement,20,-0.367578125,0.16654581071653715,-0.4455239637442244,-0.28963228625577553
TinyCNN,contrast,4,agreement,20,-0.02822265625,0.061585736262999374,-0.05704566805106137,0.0006003555510613705
TinyCNN,contrast,8,agreement,20,0.0099609375,0.011280526133103817,0.004681488757711025,0.015240386242288973
TinyCNN,auroc,1,agreement,20,-0.1763671875,0.12399870732253769,-0.2344003689043948,-0.11833400609560517
TinyCNN,auroc,2,agreement,20,-0.3515625,0.17235327072046752,-0.4322263136907713,-0.2708986863092287
TinyCNN,auroc,4,agreement,20,-0.0412109375,0.09429218050168496,-0.08534103638753601,0.0029191613875360067
TinyCNN,auroc,8,agreement,20,0.00986328125,0.011692593478976212,0.004390979053427524,0.015335583446572475
TinyCNN,validation_patch,1,agreement,20,-0.18564453125,0.08332430472737701,-0.22464150626733584,-0.14664755623266415
TinyCNN,validation_patch,2,agreement,20,-0.2046875,0.09608647878459299,-0.24965735633335148,-0.1597176436666485
TinyCNN,validation_patch,4,agreement,20,-0.0103515625,0.055666677425883215,-0.036404369492843876,0.015701244492843873
TinyCNN,validation_patch,8,agreement,20,0.01064453125,0.009578281121280648,0.006161757696500716,0.015127304803499286
TwoLayerCNN,contrast,1,agreement,20,-0.00537109375,0.007627196949127592,-0.008940731802793771,-0.0018014556972062285
TwoLayerCNN,contrast,2,agreement,20,-0.0109375,0.012711512310903969,-0.01688667088888722,-0.0049883291111127775
TwoLayerCNN,contrast,4,agreement,20,-0.06982421875,0.06436701472155026,-0.09994890893792857,-0.03969952856207142
TwoLayerCNN,contrast,8,agreement,20,0.021875,0.12101679430774484,-0.03476260315478071,0.0785126031547807
TwoLayerCNN,auroc,1,agreement,20,-0.00537109375,0.00667244577052895,-0.008493894496663209,-0.00224829300333679
TwoLayerCNN,auroc,2,agreement,20,-0.0123046875,0.013049755433689624,-0.01841216104322337,-0.006197213956776629
TwoLayerCNN,auroc,4,agreement,20,-0.066015625,0.05992055887441612,-0.09405930979395971,-0.037971940206040285
TwoLayerCNN,auroc,8,agreement,20,0.03701171875,0.1198060563186523,-0.01905924158348552,0.09308267908348553
TwoLayerCNN,validation_patch,1,agreement,20,-0.00634765625,0.016302575685053562,-0.013977496532356158,0.0012821840323561573
TwoLayerCNN,validation_patch,2,agreement,20,-0.02998046875,0.05537077194484366,-0.055894787714778744,-0.004066149785221254
TwoLayerCNN,validation_patch,4,agreement,20,-0.05205078125,0.1293435983887724,-0.11258544867413779,0.008483886174137797
TwoLayerCNN,validation_patch,8,agreement,20,0.01796875,0.03737407757453952,0.00047714326845985783,0.03546035673154014
