stage,task,architecture,block,condition,epoch,pair_count,prob_input_effect_mpp,centered_logit_input_effect_mpp,raw_logit_input_effect_mpp,max_legacy_prob_fidelity_abs_diff,full_patch_max_logit_error,noop_max_logit_error,checkpoint_sha256,ranking_artifact_sha256,test_data_sha256
D,two_concepts,TinyCNN,4000,template_release,200,512,1.8529918193817139,145.32339477539062,148.6000213623047,3.4507090074242797e-08,0.0,0.0,bc4250ed54d7ea899d39bc64295d45c26f492bc307566a78b8cb06a8741b66f1,f36c9718febf0fda9a520dc6ce6894001d69ade36f65b7ad50d12e4bde905730,7e4df230824b6c322704f3aec14fda2d1e36bc5a12c56d4dd8ce8ad3f11c9bc1
D,two_concepts,TinyCNN,4000,template_retention_1,200,512,0.9695073366165161,22.545854568481445,23.036579132080078,3.764443889942015e-08,0.0,0.0,0b439c96c19652aac81915a2438c6e6d37d15aa2a38d1ea2a22a330fa76944f2,11e0b18905ec6b66ef4ded570742cfa2f723495a6fb1614ed3af98b7c6a75262,7e4df230824b6c322704f3aec14fda2d1e36bc5a12c56d4dd8ce8ad3f11c9bc1
D,two_concepts,TinyCNN,4001,template_release,200,512,1.9182316064834595,172.7073211669922,173.49331665039062,1.2429082762999144e-07,0.0,0.0,2547690d04c7901f55506e2ad3b8f8b1eacd90f0ad3cff65a568bf61d4e66385,989e06a8388629ae043133de46daa0b516e42abee6f3ef0abe2964b733df8b98,fa7a51c8579cfae76deee9db9753e136e9d2570f43a6f51276515b4acd3582a5
D,two_concepts,TinyCNN,4001,template_retention_1,200,512,1.0778398513793945,25.057086944580078,25.276161193847656,5.530009361542909e-08,0.0,0.0,efd99006aca1437455c5454b3ba8d157728af6af83b77f7cf1a31c46e8dc694a,2d9274081d741fba9c685eb3d041b141bdacede7004a3634e219c395f041d7fc,fa7a51c8579cfae76deee9db9753e136e9d2570f43a6f51276515b4acd3582a5
D,two_concepts,TinyCNN,4002,template_release,200,512,1.8963367938995361,136.00393676757812,136.364501953125,6.286293130486342e-08,0.0,0.0,ced910a5a66c816a027b65264144b31359bca273adca66484b8c5eccbcf3b870,a5200f6946606305a83851c720751e02c596ae6453c87cd5eb01d9dd2b2ceb78,57832379b1ca8079b9f9b4aec62bcbc46551eadbe5345d8a65229dccd1ae7cca
D,two_concepts,TinyCNN,4002,template_retention_1,200,512,1.0447312593460083,22.73064422607422,22.85846710205078,7.803002533002257e-08,0.0,0.0,cc1dc1c7fd44a19bfd89831d5459d009eee985ff66ffd716fb352fa4077b8e61,1aaf811bd891fb11967aef99abd340a4678e608a436dbd428d4feb655b4422fa,57832379b1ca8079b9f9b4aec62bcbc46551eadbe5345d8a65229dccd1ae7cca
D,two_concepts,TinyCNN,4003,template_release,200,512,1.8176121711730957,163.17942810058594,166.54025268554688,6.55856575715319e-08,0.0,0.0,f298727b8a6538b9ff1796d1494ac4d6058ec8662e23823ec644fb87ecdb6b48,261b8b173756e128822d9d6b73be0c24c661654c86d1b5365c0cc35710a86583,67d8b05cccbe91a86a4466fe5879fe1f45178403844069bf8169ed45b20fcc9d
D,two_concepts,TinyCNN,4003,template_retention_1,200,512,1.011751413345337,26.752483367919922,27.423324584960938,5.891234144961288e-08,0.0,0.0,cb70836ce465f68029873ebc1b09486ee4bd089b23a3ffe84beb905a2674621a,5140be2208fd14ab545b86f7bc77ed59e388223e95a6d42fe3cb58bd13caed36,67d8b05cccbe91a86a4466fe5879fe1f45178403844069bf8169ed45b20fcc9d
D,two_concepts,TinyCNN,4004,template_release,200,512,1.8684706687927246,155.57650756835938,156.3917236328125,1.595011511756894e-08,0.0,0.0,c1db81af7ebff7bb42caf25bd748d7105872f2cc13bdcb54a83f7694c925ac87,0848467ac9207ec74cc94d04d35fe6feb816f41b1d9c74b4856c9ddc915521fe,d1e5d8a52efdb0623e99016f46183f6713220221e7c04600b902f3e5781b5b5f
D,two_concepts,TinyCNN,4004,template_retention_1,200,512,0.9982932806015015,24.12509536743164,24.283483505249023,7.463318296707655e-09,0.0,0.0,c2d1b95a4e4b25c5be9bfcd0f4424b549596053b890448ab1ac6da9ddfafd0fd,df7e7e13d792acd84e20892491529784702821b4c6ba0dc91be94018ce5002f6,d1e5d8a52efdb0623e99016f46183f6713220221e7c04600b902f3e5781b5b5f
D,two_concepts,TinyCNN,4005,template_release,200,512,1.9122895002365112,141.2327423095703,141.73114013671875,6.23385160158918e-08,0.0,0.0,cfaf0a432aa72b1a3e597e44aa7bd522ae3512aef3afa587b67fc77c56919202,424655cdbd5adfd14bbca98d059bc4cc638062efaf9c8903aae3715e48e30cb2,93434f09edf4292d7b49fd302cbcbc7152591451adbbbd6c7977e6665ab02d4e
D,two_concepts,TinyCNN,4005,template_retention_1,200,512,1.0794683694839478,24.114105224609375,24.179813385009766,8.148576680078179e-08,0.0,0.0,2d313a329496a1ce514c4d899e8108eeeeba98fe083bf417e770eb75664c44d9,7b7fd025e0f21b244054c9699663dabe77d71a030901cbea5cb510eca5a8604a,93434f09edf4292d7b49fd302cbcbc7152591451adbbbd6c7977e6665ab02d4e
D,two_concepts,TinyCNN,4006,template_release,200,512,1.8750454187393188,161.59080505371094,161.7485809326172,6.357674775525624e-08,0.0,0.0,dd5bb469ee9b7bbf777102710e9e4fb449e24c7610154b88b6abe6569b098777,b5d63470e705bd38c7ac7a3add8abc898649ef0e146e5e46ab2c873ed3e8ca7a,9c571a1b2e7e299c543eed115ad5041a084c0ecfe8178d2b358edad29b8f3699
D,two_concepts,TinyCNN,4006,template_retention_1,200,512,0.9353902339935303,22.955455780029297,23.072402954101562,7.965210935267919e-09,0.0,0.0,8e49f547762b6793f822d08d0e8d327741f80bf3376b011e132bf265906136c9,bd5bd8b5c0955610b6942371261ad3ee903dc0734fad02fc0447e722466645d8,9c571a1b2e7e299c543eed115ad5041a084c0ecfe8178d2b358edad29b8f3699
D,two_concepts,TinyCNN,4007,template_release,200,512,1.9168964624404907,156.947265625,158.6914520263672,6.218869508245461e-08,0.0,0.0,50be087c8eca081b80caac42039517e5597d54a03f6374f48f0b9dfd5663a3a3,5543f948416bd7d6dba189b3a63ed25fd6ae6b64de8e02adccfacfef12a48970,1e45a5f99132f15a51e0c96bcd4aaa661ca9a1c0afce8145239b7f31914e58ca
D,two_concepts,TinyCNN,4007,template_retention_1,200,512,1.0404083728790283,24.247159957885742,24.478723526000977,3.580603924469017e-09,0.0,0.0,9ef5e51898ff17981dad756bd57361262ec71271b364ba993d6d1e87a17003b7,afa6e9475eca44efb131464ca83be4a1a3d32d919d604a1116563264004747f4,1e45a5f99132f15a51e0c96bcd4aaa661ca9a1c0afce8145239b7f31914e58ca
D,two_concepts,TinyCNN,4008,template_release,200,512,1.9131287336349487,150.73255920410156,154.30325317382812,6.231116989052765e-08,0.0,0.0,5bb93882d3020e8cf07598b00de187c6f671ea14cc1222b8ed899d34a42871c2,92382e6409a91edad547a4dbb54267c86d0a5e804dac0787e64b43232359c5c4,5e60040a1f1e4db56b1d0ae79ee22e14a9498569ed9083b5ebf0e18ddfb168b2
D,two_concepts,TinyCNN,4008,template_retention_1,200,512,0.9741525650024414,20.99689292907715,21.24924659729004,4.170931700020475e-08,0.0,0.0,d2677a1138b5ea78967abb2e62edfd401dfb00d440d05083202148ff39fbfbf8,904acc94be5d0efccdc44e6d0918b45a443f210a1d29b857e61ae1851a530638,5e60040a1f1e4db56b1d0ae79ee22e14a9498569ed9083b5ebf0e18ddfb168b2
D,two_concepts,TinyCNN,4009,template_release,200,512,1.9058746099472046,156.1785125732422,157.78857421875,6.254833817553873e-08,0.0,0.0,e67830a0ced26a8b0c31d7ecbea0dc6b55d161e5709f021252e393959eaccf95,8764b46fc1c7f8fb2d808801e57dfecfa7fc06c518ff708d1a1bfc161bf73dd2,4695c6e3666dfa34f108c16e6d879fe92ed440cb7555a5cc6be6861384e035ca
D,two_concepts,TinyCNN,4009,template_retention_1,200,512,1.090468168258667,25.825183868408203,26.004175186157227,8.198951606530613e-08,0.0,0.0,093b21c56c338a89798ea84e2e0f1b4493a8b2cb62149d8ccb387f9252134176,bedbb17b912d6e535f5dbf5d077b0c9656a18e36aa9b202e2cf96e8c41c98e5c,4695c6e3666dfa34f108c16e6d879fe92ed440cb7555a5cc6be6861384e035ca
D,two_concepts,TinyCNN,4010,template_release,200,512,1.9408289194107056,163.82765197753906,164.32504272460938,3.071092169459888e-08,0.0,0.0,94f43aca7df513416d974c4abd892215e4f879f2243334053534eaf68398cf80,aae826d507bb7110703a13b77eb3b7fa45d4758d8497aec996156bb2e0f1fd1a,41bf48f76f24404ddec74eecb3745234bd90c88e652a503737ad082c82c47360
D,two_concepts,TinyCNN,4010,template_retention_1,200,512,1.152299165725708,27.572574615478516,27.74542808532715,5.551089110600316e-08,0.0,0.0,2f73f2ae4312a01b622f58af7882dd5c5b2bfdc42f4431eab51a72de91e1f1d7,1bf0b6ae8d379e01a6796289c77b066d3fcf84a2eb230eef3214c7a10b0741ce,41bf48f76f24404ddec74eecb3745234bd90c88e652a503737ad082c82c47360
D,two_concepts,TinyCNN,4011,template_release,200,512,1.9023298025131226,143.1450958251953,143.86912536621094,5.948217896012409e-08,0.0,0.0,5d52bd0b20cb99b8bcbaf0b5ec29cfb233beb665b7d9f7156749520b84595b14,b86f19cc22624d6a77a0f8963c8fa7c32dd9869cea59fee0034e689bd833ee51,f47f3177e39a318bef3fbe578b9e0511488642ac43ffac5f307528a4079d4bc3
D,two_concepts,TinyCNN,4011,template_retention_1,200,512,1.0872026681900024,24.75664520263672,24.950613021850586,0.0,0.0,0.0,681e69e7e9502bc061aa9aa448b995992f4b152700f8bc87c7fd0e8bc8338313,15b5f77c058a006308bf5b8fe8522ae017782091d6a04ae2845674ffe39fc208,f47f3177e39a318bef3fbe578b9e0511488642ac43ffac5f307528a4079d4bc3
D,two_concepts,TinyCNN,4012,template_release,200,512,1.8816473484039307,146.0779266357422,146.54153442382812,5.86018245041231e-08,0.0,0.0,6863f7ae296509ce47c9894e768b855ecda12a3644870840276795ab7d7160a2,7071b3194c30ef87b14ee0de38edb2d55a6089524e3f47f5ee382fc0ac7b747b,5c15cbcc76a872d787584549dd5adf5a97afe45954e48596dea0dcbd1c569194
D,two_concepts,TinyCNN,4012,template_retention_1,200,512,1.0357152223587036,22.662376403808594,22.71677017211914,2.877463012307402e-08,0.0,0.0,0ca39e17643a44f85833c8d69d3a0b48151f9aa99be6bccddf18256f05e70d89,646505e9be1f97656756f61fb84b7b0df5ae9940284f47a89dc89ea1104c76be,5c15cbcc76a872d787584549dd5adf5a97afe45954e48596dea0dcbd1c569194
D,two_concepts,TinyCNN,4013,template_release,200,512,1.8727518320083618,143.6394500732422,145.37924194335938,3.182730345940854e-08,0.0,0.0,4f842b678494f4570502b0c7b483f06c861502aa687c7a6d0a5d82a1857fd515,b7973de87c5d1c0f0ccbb5e814e18c42cb470b2fa3c2a7b4b29caefb1ede2262,f42c91d0972cfe28c15affd6a1fcc78b51c112f7d958422119a72eeebd771444
D,two_concepts,TinyCNN,4013,template_retention_1,200,512,1.0701814889907837,25.90261459350586,26.081787109375,2.784791752752369e-08,0.0,0.0,b4523e80c42a7e0e70b7d84db66fbb9f82124765e6197fefac9bcf3aded1f2ad,752b9fc51f00a4ccb93f084294b6c8b3450e3c803c6f5ea45859ccf168d8a485,f42c91d0972cfe28c15affd6a1fcc78b51c112f7d958422119a72eeebd771444
D,two_concepts,TinyCNN,4014,template_release,200,512,1.871889591217041,129.6069793701172,129.90158081054688,3.980245688595119e-09,0.0,0.0,a2958abe08abb1573d9d943a8c42a349f0758d0c912257bc6bdf59e6ac27087c,c2eeaa734071f5b1f14fa06749a6540076a0296bd57fbe47e9f5a42514191f37,fbd3cd907ea38f829eed1c8e10f2aef596e73a0cbf901f66e1daf30b2a1bd221
D,two_concepts,TinyCNN,4014,template_retention_1,200,512,1.0093369483947754,22.42898178100586,22.50775718688965,2.9526633693599535e-08,0.0,0.0,76bf339004ba61e6f62969fbcf7b1db8615508a76c229fcf5620871de3b34b25,9a799ebbc326b017e9fdf0855a336901259939a31d743bbd85c856fbc5a1b846,fbd3cd907ea38f829eed1c8e10f2aef596e73a0cbf901f66e1daf30b2a1bd221
D,two_concepts,TinyCNN,4015,template_release,200,512,1.88002610206604,147.67538452148438,148.27484130859375,3.963020023256547e-09,0.0,0.0,8e9e580e44cbab9c1d329706cbe7098e1631885cdf3c19f05879d7a17036d221,ef644b16517d275e2d9b431a78fb7c6c86e961342ae58563f7258a06f846ef1d,9230014566168720d5d5e54c51c7cb9d2364ba6ae5e143794a029d6ef7d9d301
D,two_concepts,TinyCNN,4015,template_retention_1,200,512,1.0398452281951904,24.02273941040039,24.303951263427734,2.866034443105292e-08,0.0,0.0,4bcc67d0687cd5916ccc918fa24cabf73751be740ea555d36d9d63b5daeac228,ab3e831d583b6c151f37ea8b2170bc23091d8c3c52d60641a9bb83f7a3afd52c,9230014566168720d5d5e54c51c7cb9d2364ba6ae5e143794a029d6ef7d9d301
D,two_concepts,TinyCNN,4016,template_release,200,512,1.8912041187286377,132.60031127929688,134.1688690185547,7.879192520654499e-09,0.0,0.0,1f7bb933065e174f7ef46b3136b28393885503e848bbfb18d136c2b68be925b7,fbcb1c657173cabe13f6c9e3533e9bdaec95b522f82ce129de85016e047ec721,ad3d47e2c03afad590ae62af2964d3803388291d5f66a6438f6a7ef8942ba87a
D,two_concepts,TinyCNN,4016,template_retention_1,200,512,0.9853250980377197,21.302879333496094,21.357736587524414,3.9071696100734243e-08,0.0,0.0,74551967ade23628f495f9f3a41743cf5e520f49bda60ecc5a0f0835b1b96c81,ebbb05fbd3c3fa159835ef70c4eaffface078f62fecfff8bf9d74b3764479298,ad3d47e2c03afad590ae62af2964d3803388291d5f66a6438f6a7ef8942ba87a
D,two_concepts,TinyCNN,4017,template_release,200,512,1.8380647897720337,159.49063110351562,159.8500518798828,6.485586911963992e-08,0.0,0.0,aca3e4749882cf37fed93d0b9575a08ecd74f77b1526312b2bb4af3e358cbe1d,2f8dc25617babb3b89efe7b65f0e69dafa274b7a7cb8e97fb84de77919294b52,dbdb7a2103252332c79fc358da5e9db9695097d752fcd469a5aa22bebf6a2ebb
D,two_concepts,TinyCNN,4017,template_retention_1,200,512,1.009109616279602,23.090251922607422,23.184755325317383,5.90665778510413e-08,0.0,0.0,3d73b886e9040ee918fdabffd7592846426a41d00204b643b1f4f6b41466c4e9,4dac05d3c260b0c9d70d20721a5faa88846bc1cb9c0f2b8fc9cea300b6274109,dbdb7a2103252332c79fc358da5e9db9695097d752fcd469a5aa22bebf6a2ebb
D,two_concepts,TinyCNN,4018,template_release,200,512,1.8698277473449707,179.01644897460938,183.0823516845703,6.375415584347621e-08,0.0,0.0,9174830d60276cd295483bb0102b9d8db96aeaf7d51add642693c9702eb9dd53,6d6b6e533f4a427270e399361f4916b6e82947017089ee151943c2cc7af8920f,bbee8ffc1813b2d2ff987bc987c46c9dcdc722da394d449518e92b328d598b30
D,two_concepts,TinyCNN,4018,template_retention_1,200,512,1.1112568378448486,31.008840560913086,31.70880889892578,8.380803828700323e-10,0.0,0.0,5d20993507bc93615c28f8c2fc92c2c4c732f9bb76f0ad1809af02b812c289a1,2feef42fc70db68b98364f6b2747dec15b3bfaad1ca654ba4ea529f59c78fecd,bbee8ffc1813b2d2ff987bc987c46c9dcdc722da394d449518e92b328d598b30
D,two_concepts,TinyCNN,4019,template_release,200,512,1.8667984008789062,129.85153198242188,131.709716796875,3.1928806487613315e-08,0.0,0.0,94f62b364fe643ba8f45bdf61354f30065fe55f124a47431c8696164880c9106,9c3b82aa78913f704ba792cb776dc816d523556b1159874cc9478df5b83c3a67,ca938bf876a9aa477797511c103c93bad64202798e2ff6cde8c9a096438b531b
D,two_concepts,TinyCNN,4019,template_retention_1,200,512,0.9987993240356445,21.566455841064453,21.81597900390625,3.7297686050763446e-09,0.0,0.0,1ff69524ece3b7cd0b77748b43ef5530808f870c14df9bd3bb7876f1cfb4dd85,d33db0ef17eff6ee434a031e55368edf0a9c2cda406ea5d074137e6b547d405a,ca938bf876a9aa477797511c103c93bad64202798e2ff6cde8c9a096438b531b
D,two_concepts,TwoLayerCNN,4000,template_release,200,512,1.9691851139068604,404.90911865234375,407.2484436035156,3.783585666994327e-09,0.0,0.0,2a857ffccba9560271f3d0169821cb2b0933b0a574c75cc6368e27c98d88d0b9,4435fe8390cd55db9166c99265f66d07161596bcef3ad32f75c3cc11704fd701,7e4df230824b6c322704f3aec14fda2d1e36bc5a12c56d4dd8ce8ad3f11c9bc1
D,two_concepts,TwoLayerCNN,4000,template_retention_1,200,512,1.8992393016815186,206.15289306640625,208.3713836669922,0.0,0.0,0.0,ae1b5d319b3c4c063bf8f01a1d71bcca33a36654bb5862e489d6972c7c520f46,219448fd3db0796639ec056a2f9abb442a2b6b7f68304963736d9057319618a5,7e4df230824b6c322704f3aec14fda2d1e36bc5a12c56d4dd8ce8ad3f11c9bc1
D,two_concepts,TwoLayerCNN,4001,template_release,200,512,1.9790897369384766,416.05963134765625,420.41497802734375,6.023440701774518e-08,0.0,0.0,3202a0544363aa2dd7f3c4211221637510ff0be7d51371105de77fe42586d539,c8e1768cff6d7a4f7bdbd618c059a0a7c2882e0cdf448f712893aa819f085ebc,fa7a51c8579cfae76deee9db9753e136e9d2570f43a6f51276515b4acd3582a5
D,two_concepts,TwoLayerCNN,4001,template_retention_1,200,512,1.866659164428711,186.72457885742188,187.68472290039062,3.991398767055898e-09,0.0,0.0,07d90e950ae52c1e354aa2149397fa707141734183f16a1fec1595de8e269440,78c1b7920d822290bc604dcbe2af15588c4981f6eb61237503589cc53e5532a7,fa7a51c8579cfae76deee9db9753e136e9d2570f43a6f51276515b4acd3582a5
D,two_concepts,TwoLayerCNN,4002,template_release,200,512,1.9872124195098877,406.67864990234375,415.4381103515625,2.249557373712463e-08,0.0,0.0,9475b6b339e0996bd4a49bc6edf854c553d0581ff5b79338d57b2d994fd509e2,de4a67315ffde368a53d78c427d8fbb2321ea07cbc822f628bc1de70dc9a8307,57832379b1ca8079b9f9b4aec62bcbc46551eadbe5345d8a65229dccd1ae7cca
D,two_concepts,TwoLayerCNN,4002,template_retention_1,200,512,1.9442756175994873,212.3903045654297,217.80197143554688,6.131295815503535e-08,0.0,0.0,3deab7c054c929be8bcfb7de44e836a74351fbe5fef1cfe4ddba1902ace4ede6,070be0d7b249d8c6cf8bf64ba06da23a5049ed5cf13717162bb6b97e97954376,57832379b1ca8079b9f9b4aec62bcbc46551eadbe5345d8a65229dccd1ae7cca
D,two_concepts,TwoLayerCNN,4003,template_release,200,512,1.9603543281555176,406.86175537109375,408.2596435546875,6.081007297709107e-08,0.0,0.0,0b29e648c0f98675d96b2c1c0350b8657d905425f98ced6171b0c71fdba93b04,ff75a18958779459ece0e30fa75d6fdcc26e890c84ece5adff5e6f71a7fcf0b8,67d8b05cccbe91a86a4466fe5879fe1f45178403844069bf8169ed45b20fcc9d
D,two_concepts,TwoLayerCNN,4003,template_retention_1,200,512,1.8881049156188965,195.51934814453125,196.05615234375,6.129081076000631e-08,0.0,0.0,b14a4683bf2dd85e780cf173d6304bdec9ba74120187d5a65f50ac51bb38f2e4,a9c56df969c25137c44a4eff7c7872c17e8bdcc5dfd8aef5dddee3b8fb3f3782,67d8b05cccbe91a86a4466fe5879fe1f45178403844069bf8169ed45b20fcc9d
D,two_concepts,TwoLayerCNN,4004,template_release,200,512,1.9876353740692139,432.8010559082031,433.55975341796875,5.997543162106211e-08,0.0,0.0,898f3bcaf8652998bae7e296527ad64f5abd5faf59c080d20e7d873116e2b720,ec167943dd10a49a75e8da9ad368e2272be0727d326fe770552f8e24ed35cd66,d1e5d8a52efdb0623e99016f46183f6713220221e7c04600b902f3e5781b5b5f
D,two_concepts,TwoLayerCNN,4004,template_retention_1,200,512,1.8992919921875,193.98501586914062,194.86996459960938,6.229594595730248e-08,0.0,0.0,33d02b65448bb836b7fe3868ed75ecc8eaa0156d04a4e8957215bdd903b4a3cf,b85e7cc69c8de5b949f2c773ff0683eafc63b0f48704f5a13077b7ba882694b7,d1e5d8a52efdb0623e99016f46183f6713220221e7c04600b902f3e5781b5b5f
D,two_concepts,TwoLayerCNN,4005,template_release,200,512,1.9858956336975098,467.22821044921875,473.5198974609375,6.00279729257025e-08,0.0,0.0,aa110b1302582b3135896e6a448bc4cb833779437717b32c98e991a2eb44d6e2,2b93ceed5a8b027aa34d078d3ab4e2db440417544c69fb4ac09e14609f380d29,93434f09edf4292d7b49fd302cbcbc7152591451adbbbd6c7977e6665ab02d4e
D,two_concepts,TwoLayerCNN,4005,template_retention_1,200,512,1.944512963294983,223.15570068359375,224.755126953125,6.130547058891267e-08,0.0,0.0,dff8cf2388c910d3165fae2c5745c2712020d13a99f2f5e1f6e2d99d50881930,5ad984416767a08b7a5fce583358ccb83125ae5c60d6c9aac39841f20544ade5,93434f09edf4292d7b49fd302cbcbc7152591451adbbbd6c7977e6665ab02d4e
D,two_concepts,TwoLayerCNN,4006,template_release,200,512,1.9654985666275024,428.51593017578125,449.86053466796875,7.581365091269276e-09,0.0,0.0,ac815193419c3f603cdb2241e0e2656775136639091b07eff498ee9d973cc887,f2edc0888dcbf962bd1dba98a8117f88c9d9ca95498da212a5bfd1cd451a22f1,9c571a1b2e7e299c543eed115ad5041a084c0ecfe8178d2b358edad29b8f3699
D,two_concepts,TwoLayerCNN,4006,template_retention_1,200,512,1.8837854862213135,210.5822296142578,219.52024841308594,6.328177115655365e-08,0.0,0.0,50e114e2d50fc2af46dcd89c58d08a6772fac05d3e5a14a5f48015c39258296b,8b522d731b2fdc6ff3beee8d113890fd3218261f87aa3224c8bee8550183fc8e,9c571a1b2e7e299c543eed115ad5041a084c0ecfe8178d2b358edad29b8f3699
D,two_concepts,TwoLayerCNN,4007,template_release,200,512,1.9866431951522827,370.81842041015625,375.41986083984375,1.8751683539264263e-09,0.0,0.0,b8ffee07be217207c1cc1f9de8dfda4e62b0d2073fc650720d5e66e06013a8d9,4c4606251cb7a0aff7bb99eedeb99ad5e49c71b5986c2fe264950295792f0733,1e45a5f99132f15a51e0c96bcd4aaa661ca9a1c0afce8145239b7f31914e58ca
D,two_concepts,TwoLayerCNN,4007,template_retention_1,200,512,1.9296355247497559,179.44760131835938,182.61471557617188,6.1778137827595e-08,0.0,0.0,c2ae17587151a0931a291da580b224e185c31c972b5d47e5ff4016af94398121,3d27a399cc7a8f036b97fafee16f47ea7298fcde3c631f069f531304a7c545e7,1e45a5f99132f15a51e0c96bcd4aaa661ca9a1c0afce8145239b7f31914e58ca
D,two_concepts,TwoLayerCNN,4008,template_release,200,512,1.96327805519104,367.73358154296875,372.15350341796875,6.071951419439614e-08,0.0,0.0,0fd7b908e8b491939d4012709eb749021e85bdbc773a7aed37e8a9ea4193fcda,9ea135c4aa9eb3f45053e55fef7c6039ecf118b6a8078ad681aadaa6c995d4ca,5e60040a1f1e4db56b1d0ae79ee22e14a9498569ed9083b5ebf0e18ddfb168b2
D,two_concepts,TwoLayerCNN,4008,template_retention_1,200,512,1.9013484716415405,194.65380859375,196.2172393798828,6.26972298523043e-08,0.0,0.0,6c85158ae624fe42b7ee978c4ec79618bdd76fc35536635fc4b666fe032fee88,e3a45fd0a557aef9188d5920e475fd1095067466f3c5422f4262d38bc19928ae,5e60040a1f1e4db56b1d0ae79ee22e14a9498569ed9083b5ebf0e18ddfb168b2
D,two_concepts,TwoLayerCNN,4009,template_release,200,512,1.9628524780273438,378.49676513671875,400.39971923828125,6.073267533324156e-08,0.0,0.0,262c82a6720f0c238d8dffc192a15b902461083ea0ca0e43de214974ba240e9b,333f37853039fe944e3c437ada4c85d417fb699164605187e8bcf39e936ec76f,4695c6e3666dfa34f108c16e6d879fe92ed440cb7555a5cc6be6861384e035ca
D,two_concepts,TwoLayerCNN,4009,template_retention_1,200,512,1.9092199802398682,176.3536376953125,189.935546875,0.0,0.0,0.0,9ef3d742fdee2bbffcaed8bbb9b22493b7d4a953870d88efa2cda93e251044e4,8b8ede9aa334d80579892a84c89bfd647a1d49424aeeb4e1e0b983fe9ac17435,4695c6e3666dfa34f108c16e6d879fe92ed440cb7555a5cc6be6861384e035ca
D,two_concepts,TwoLayerCNN,4010,template_release,200,512,1.9853296279907227,469.42828369140625,479.2718200683594,4.691023125502625e-10,0.0,0.0,0c8ff637ebf9602b4948b95dc3349bf454a27abcb45dd7690fcfa99382eb645c,620e9404c9445debb5611ab25de2596a7d6f4d2f1e1890c50536d64510d07a2f,41bf48f76f24404ddec74eecb3745234bd90c88e652a503737ad082c82c47360
D,two_concepts,TwoLayerCNN,4010,template_retention_1,200,512,1.9375404119491577,225.76693725585938,233.32754516601562,3.076304599947122e-08,0.0,0.0,f0d4a4a1895f5f5b526f8914580793caa627d3b409fe0a743c7fdfc192dfd533,031d21032681537a37c64c3f99571ace3826d3c9064d30fcda28284f280fd1ea,41bf48f76f24404ddec74eecb3745234bd90c88e652a503737ad082c82c47360
D,two_concepts,TwoLayerCNN,4011,template_release,200,512,1.969914436340332,415.2726135253906,417.28717041015625,6.051495804459961e-08,0.0,0.0,82b8ee5157bf3cee71db0c829b6c010a0523765f5f880ce5b7f567adcc9b21c5,8d8a9a8b883e8c722c7fb51eb2d0f75b0bc3ac05f38250a0379d482664d1c59d,f47f3177e39a318bef3fbe578b9e0511488642ac43ffac5f307528a4079d4bc3
D,two_concepts,TwoLayerCNN,4011,template_retention_1,200,512,1.9410861730575562,226.21722412109375,228.7313690185547,3.838356188445857e-09,0.0,0.0,6fefafd9e3068bbb56857eeeddd69f708d4f30ecb3ecfce2b3783093f9c9efa0,b156b89a13e3c36b2d7d3da78542f287a7447f11cc6dabc099d19bbbc7cefc7d,f47f3177e39a318bef3fbe578b9e0511488642ac43ffac5f307528a4079d4bc3
D,two_concepts,TwoLayerCNN,4012,template_release,200,512,1.958870530128479,380.45660400390625,386.08612060546875,3.042806939745901e-08,0.0,0.0,cf5d4327afc9f70fc6dfff4bd7ea952512ce47c06094426329a1de2c97593af2,4a0b68cbedd31ceef04578348ec3983f18ce58f413b9c04ebe0b411645360d26,5c15cbcc76a872d787584549dd5adf5a97afe45954e48596dea0dcbd1c569194
D,two_concepts,TwoLayerCNN,4012,template_retention_1,200,512,1.9079482555389404,198.80210876464844,201.5117950439453,0.0,0.0,0.0,51966edb96d1bcd6e3452f0a8d7c6f1808c61230a9fa38ed1731fb9b6085bb1c,61e3965c7304509e0b609c801d394f31bf26662933e37b7d81911bd048115673,5c15cbcc76a872d787584549dd5adf5a97afe45954e48596dea0dcbd1c569194
D,two_concepts,TwoLayerCNN,4013,template_release,200,512,1.9448521137237549,376.419921875,398.4215087890625,6.129478369309993e-08,0.0,0.0,859b2ae31907b0917c354c8ac80f2993d0accfe9bc6aea2e31254010667b652a,7e927f7b3c90637e2b750d4b9acb6a9e418d1f5a961e81534c8ff1960bae4577,f42c91d0972cfe28c15affd6a1fcc78b51c112f7d958422119a72eeebd771444
D,two_concepts,TwoLayerCNN,4013,template_retention_1,200,512,1.8708140850067139,186.46307373046875,196.39048767089844,7.965067938542347e-09,0.0,0.0,61baab1fab164b9b0e19a81e0d828345c9505d25e472579655ca9e3466faf5f4,985f81d98f14d25d1b4066d1a8a992244b9dba8b4f1e8478a7312e5ba9fb235b,f42c91d0972cfe28c15affd6a1fcc78b51c112f7d958422119a72eeebd771444
D,two_concepts,TwoLayerCNN,4014,template_release,200,512,1.9737318754196167,348.8128662109375,360.6363525390625,6.039791478062995e-08,0.0,0.0,30ac26dd057b349a89b5bb8292c24705f459afd2a87a39fe50d8ebac51072d53,0fa607336cc2254bfe23b955593a34d30476b1ac71dc62b9976b1faed43c7581,fbd3cd907ea38f829eed1c8e10f2aef596e73a0cbf901f66e1daf30b2a1bd221
D,two_concepts,TwoLayerCNN,4014,template_retention_1,200,512,1.918789267539978,173.64926147460938,179.79238891601562,6.212735237376421e-08,0.0,0.0,a2b6727ee203908d7b5b0e37d77f5814147384d17332e0711b6f41f981b2d1bf,b088512b2b2b91f5f26ef1a71f4b86449d526a0488df03bb42e9b2b9861b1eaa,fbd3cd907ea38f829eed1c8e10f2aef596e73a0cbf901f66e1daf30b2a1bd221
D,two_concepts,TwoLayerCNN,4015,template_release,200,512,1.9674067497253418,446.4057312011719,447.5667724609375,3.029604755955262e-08,0.0,0.0,d01659c73f01eb86d24e337b687456138eb83a3492d81eee596e256e08338700,5cecb34c902d720a2b2766c20a4737cc08c39749c8c90429abfbe9832ae076a0,9230014566168720d5d5e54c51c7cb9d2364ba6ae5e143794a029d6ef7d9d301
D,two_concepts,TwoLayerCNN,4015,template_retention_1,200,512,1.9163395166397095,222.4212646484375,223.12596130371094,6.220676507240341e-08,0.0,0.0,1dba36c7b706ce343a58275158974b91f55cdd2d94f849a482e5c9af8ee622ab,d7a3bf6c71316d61a6eee6abb3362d956d5156061a02df3d0c1fb787409d2f1b,9230014566168720d5d5e54c51c7cb9d2364ba6ae5e143794a029d6ef7d9d301
D,two_concepts,TwoLayerCNN,4016,template_release,200,512,1.9884148836135864,400.4995422363281,402.2105407714844,1.1990383952387162e-07,0.0,0.0,ec61f7e99de9d330eb91322bae07ead511404148e53875abf9f6743040998f3d,187add7edb995ce4dcd3828e58a65f2c50495eb8de6db338108b9ecd9a413e2a,ad3d47e2c03afad590ae62af2964d3803388291d5f66a6438f6a7ef8942ba87a
D,two_concepts,TwoLayerCNN,4016,template_retention_1,200,512,1.9147450923919678,168.28128051757812,168.9829559326172,6.225856519215256e-08,0.0,0.0,9671dc7a536f6028f788f5851608783085bbc9f40c49a7411bb8db7be7be4a1d,96febe288a3d4b95f6695016ba809f266364eaa852b95b287b43c39c9209a55e,ad3d47e2c03afad590ae62af2964d3803388291d5f66a6438f6a7ef8942ba87a
D,two_concepts,TwoLayerCNN,4017,template_release,200,512,1.9383395910263062,461.5799865722656,465.4510498046875,6.150072473509738e-08,0.0,0.0,fa6f1f8de87f5bca77a5d679e60807eea730277f94d28cf6a3e521bb3f078280,8d06a3eb3b64e18d785b770bac84df890cba30d6e7fd44dbf95c93d473c1bbf8,dbdb7a2103252332c79fc358da5e9db9695097d752fcd469a5aa22bebf6a2ebb
D,two_concepts,TwoLayerCNN,4017,template_retention_1,200,512,1.8709609508514404,241.20213317871094,243.51443481445312,6.318652567838257e-08,0.0,0.0,29c6a55a7db09d76a3a2d69f3882f962b5f2094068686069a7ca779bf1285963,52b0976c9f0a9e3fd7c38635bb2c43e3b0a8d4b24808ab42911b0efb54ad7ea6,dbdb7a2103252332c79fc358da5e9db9695097d752fcd469a5aa22bebf6a2ebb
D,two_concepts,TwoLayerCNN,4018,template_release,200,512,1.9392902851104736,470.9834899902344,495.91473388671875,6.147057918237664e-08,0.0,0.0,9e9cf7ac26682c61926081868a9027666b72de952d8b0fba9b9dbbf7d597dadd,264b9b565f5ff79d48bd7f2894c25d7fd79505f3bc75b799a134e75108a61938,bbee8ffc1813b2d2ff987bc987c46c9dcdc722da394d449518e92b328d598b30
D,two_concepts,TwoLayerCNN,4018,template_retention_1,200,512,1.8810715675354004,234.08157348632812,247.1359405517578,6.33730750099204e-08,0.0,0.0,14318cbadceaa2b2eb16b1f780afc838c5e6cdb159efd318c8b93808e10a4d8f,333b1a013bb0708bf50443c3fad2591ec601d4ccbc76d34a634ccbe4539306ea,bbee8ffc1813b2d2ff987bc987c46c9dcdc722da394d449518e92b328d598b30
D,two_concepts,TwoLayerCNN,4019,template_release,200,512,1.9839165210723877,449.47760009765625,455.2828063964844,5.633236432878164e-09,0.0,0.0,5d14b525a261f2e175ce34077fc5dee2c90de4e995ed80de8473a990093bef5e,a24b3c608adebbe7841c382e8ae190340f4c508196072c84dbca432b14394c2b,ca938bf876a9aa477797511c103c93bad64202798e2ff6cde8c9a096438b531b
D,two_concepts,TwoLayerCNN,4019,template_retention_1,200,512,1.931105136871338,216.220947265625,217.9534149169922,6.173112343521581e-08,0.0,0.0,130f4dabae3710e9732ede1e0fa54eb989cd847daf6e03fe77e522b6ee1a720f,d74d01e87de9cb1711c763875c96783b4724c94c7a37e9f9c274568172ef571d,ca938bf876a9aa477797511c103c93bad64202798e2ff6cde8c9a096438b531b
