task,architecture,metric,n,mean,sd,ci_low,ci_high,t_stat,p_two_sided
single_shape,bn2_w16_gap,agreement,100,-0.03055664095343673,0.06349322470871692,-0.0431550742312289,-0.01795820767564456,-4.8125829320559985,5.3471378119313916e-06
single_shape,bn2_w16_gap,centered_logit_error_reduction,100,-52.11731170654297,59.46686586188992,-63.91682803663073,-40.31779537645521,-8.764092566704948,5.392984669976211e-14
single_shape,bn2_w16_gap,centered_logit_fidelity,100,-0.2701247411073082,0.4305158761278494,-0.3555484310413039,-0.18470105117331254,-6.274443199095631,9.296616165713568e-09
single_shape,bn2_w16_gap,cf_accuracy,100,-0.042120768848690204,0.05862117484711386,-0.05375248173404566,-0.030489055963334743,-7.185248156240929,1.2743307559495257e-10
single_shape,bn2_w16_gap,prob_error_reduction,100,-0.0339982595294714,0.11707037615968097,-0.05722756201993513,-0.010768957039007664,-2.90408732291922,0.0045423885902840955
single_shape,bn2_w16_gap,prob_fidelity,100,-0.03406465525561393,0.07449917460425058,-0.04884690776850896,-0.0192824027427189,-4.572487606281527,1.3960171259914338e-05
single_shape,bn2_w16_gap,raw_logit_error_reduction,100,-52.87357056617737,60.306316323496,-64.83965207985871,-40.90748905249603,-8.767501281715203,5.301906440756709e-14
single_shape,bn2_w16_gap,raw_logit_fidelity,100,-0.2691847311243828,0.4352400923994575,-0.35554580805928704,-0.18282365418947857,-6.18474115379354,1.4024180600270753e-08
single_shape,bn2_w16_gmp,agreement,100,0.027449545624403982,0.05076241770692573,0.01737718065264473,0.037521910596163235,5.40745434602476,4.438208094817636e-07
single_shape,bn2_w16_gmp,centered_logit_error_reduction,100,32.5614983177185,12.453205147546896,30.090512242183923,35.03248439325308,26.147082563827077,3.0448821409925218e-46
single_shape,bn2_w16_gmp,centered_logit_fidelity,100,0.0667674396547638,0.04469310243224788,0.05789935850825836,0.07563552080126923,14.939092616356028,4.1129930882160605e-27
single_shape,bn2_w16_gmp,cf_accuracy,100,0.02750976679046289,0.05077465385084032,0.017434973902285898,0.037584559678639884,5.418011685767032,4.240851014320747e-07
single_shape,bn2_w16_gmp,prob_error_reduction,100,0.11551723433658481,0.09403656135343487,0.09685834042594665,0.13417612824722297,12.284289501230823,1.2704947232554967e-21
single_shape,bn2_w16_gmp,prob_fidelity,100,0.05756710457840485,0.0472100412070276,0.04819960817359711,0.06693460098321259,12.19382637815523,1.9794559923716424e-21
single_shape,bn2_w16_gmp,raw_logit_error_reduction,100,35.02438666820526,13.288425429501022,32.38767476849446,37.661098567916056,26.357063035059994,1.5220809702656094e-46
single_shape,bn2_w16_gmp,raw_logit_fidelity,100,0.06959364225174933,0.044175043965567554,0.060828355144393886,0.07835892935910477,15.754062928832491,1.0001211867219333e-28
single_shape,bn4_w16_gap,agreement,100,0.02019043063832214,0.05990853660827907,0.008303277250033863,0.032077584026610415,3.37020928592202,0.0010719522649034101
single_shape,bn4_w16_gap,centered_logit_error_reduction,100,43.27691610813141,65.172266178739,30.345324575615805,56.208507640647014,6.640388411451241,1.698375509901117e-09
single_shape,bn4_w16_gap,centered_logit_fidelity,100,0.377254372642395,0.47824620074828555,0.2823599507867401,0.47214879449804986,7.888287916393811,4.160936199525487e-12
single_shape,bn4_w16_gap,cf_accuracy,100,0.02018229262990644,0.05991698953247357,0.008293461998070443,0.03207112326174244,3.3683756122239954,0.0010783627272888004
single_shape,bn4_w16_gap,prob_error_reduction,100,0.038334995619952676,0.11606194934225013,0.015305786888047002,0.061364204351858354,3.302977059855185,0.0013319844283717606
single_shape,bn4_w16_gap,prob_fidelity,100,0.019050925091627664,0.05833675977124586,0.007475646327754604,0.030626203855500723,3.265681050221416,0.001500625176389579
single_shape,bn4_w16_gap,raw_logit_error_reduction,100,45.00566478252411,68.01179407021904,31.510649312330788,58.50068025271743,6.617332390328923,1.8922992060002093e-09
single_shape,bn4_w16_gap,raw_logit_fidelity,100,0.39068126275478204,0.49424898084825186,0.29261154214444085,0.48875098336512324,7.904543618568067,3.841179943651254e-12
single_shape,bn4_w16_gmp,agreement,100,0.0021728512678237167,0.022179453329453726,-0.0022280334594984717,0.006573735995145906,0.979668540765262,0.3296377519582729
single_shape,bn4_w16_gmp,centered_logit_error_reduction,100,4.629604053497315,9.939891846832193,2.6573138635553093,6.60189424343932,4.657600027079522,9.96607096172251e-06
single_shape,bn4_w16_gmp,centered_logit_fidelity,100,0.002785044847852308,0.022877867065574396,-0.001754420316913024,0.00732451001261764,1.2173533659713935,0.22636361242900865
single_shape,bn4_w16_gmp,cf_accuracy,100,0.0021549482067348435,0.022183274162249553,-0.002246694656707611,0.0065565910701772985,0.9714292808957984,0.3337020257508939
single_shape,bn4_w16_gmp,prob_error_reduction,100,0.010161498673260211,0.04009170150593132,0.0022064352986590503,0.01811656204786137,2.534564084728826,0.012825663563002992
single_shape,bn4_w16_gmp,prob_fidelity,100,0.0050364927332428,0.020119254353319096,0.0010443961791293428,0.009028589287356257,2.5033197775602076,0.013939316241561634
single_shape,bn4_w16_gmp,raw_logit_error_reduction,100,5.013384552001953,10.670470143250839,2.896131778038447,7.130637325965459,4.698372690891189,8.46967926348124e-06
single_shape,bn4_w16_gmp,raw_logit_fidelity,100,0.003035052947438144,0.023228916049563817,-0.0015740679518140874,0.007644173846690375,1.3065839753186135,0.19438122633535249
single_shape,plain2_w16_gap,agreement,100,0.03327962306284462,0.04824616514097965,0.02370653719066767,0.04285270893502157,6.897879440904486,5.034406095109581e-10
single_shape,plain2_w16_gap,centered_logit_error_reduction,100,85.77575217068195,39.37965830481386,77.96197361507271,93.5895307262912,21.781741097585027,1.520245808855543e-39
single_shape,plain2_w16_gap,centered_logit_fidelity,100,0.04487539124108467,0.08732725840483328,0.027547768594840906,0.06220301388732843,5.1387610307254254,1.391549265786792e-06
single_shape,plain2_w16_gap,cf_accuracy,100,0.031202799690654502,0.04811620739675921,0.021655500254384764,0.04075009912692424,6.484883447558694,3.5125493027803766e-09
single_shape,plain2_w16_gap,prob_error_reduction,100,0.2026047917548567,0.07988274780527634,0.1867543215214035,0.21845526198830992,25.362771977840552,4.212816743665219e-45
single_shape,plain2_w16_gap,prob_fidelity,100,-0.0032417618919825387,0.046512743499200496,-0.012470899303572994,0.005987375519607915,-0.6969620899782576,0.4874598982072337
single_shape,plain2_w16_gap,raw_logit_error_reduction,100,92.45539057374,40.030556809727784,84.5124596334095,100.3983215140705,23.096203985669398,1.1826767615035732e-41
single_shape,plain2_w16_gap,raw_logit_fidelity,100,0.04217580277539973,0.08270745324121423,0.025764849701023905,0.05858675584977555,5.099395655721021,1.6410638242394972e-06
single_shape,plain2_w16_gmp,agreement,100,-0.00339192709478084,0.03296795951348075,-0.00993348550736716,0.0031496313178054794,-1.0288556358466363,0.30605466433172257
single_shape,plain2_w16_gmp,centered_logit_error_reduction,100,86.73874802112579,11.398362477087577,84.47706561638941,89.00043042586216,76.09755190316478,1.1761474147265166e-89
single_shape,plain2_w16_gmp,centered_logit_fidelity,100,0.052513511926498425,0.018813480920328012,0.04878050915045218,0.05624651470254467,27.912703740942188,1.0150915943053201e-48
single_shape,plain2_w16_gmp,cf_accuracy,100,-0.0034261070046341046,0.03298462384220329,-0.009970971981574232,0.0031187579723060232,-1.0386982192140255,0.30147534832533945
single_shape,plain2_w16_gmp,prob_error_reduction,100,-0.020305387154221536,0.05172595195783794,-0.030568938225390203,-0.010041836083052869,-3.9255705087404773,0.00015997531326221768
single_shape,plain2_w16_gmp,prob_fidelity,100,-0.012130494121724183,0.025822593621815645,-0.017254256921557572,-0.007006731321890793,-4.6976280924298806,8.494942073836308e-06
single_shape,plain2_w16_gmp,raw_logit_error_reduction,100,88.90768023490905,11.594514004122594,86.60707711167043,91.20828335814767,76.68081663733095,5.592372052009949e-90
single_shape,plain2_w16_gmp,raw_logit_fidelity,100,0.05208158447229871,0.018603503364773837,0.048390245798770784,0.05577292314582663,27.99557881711484,7.820413480066202e-49
single_shape,plain2_w64_gap,agreement,100,0.026168621153919956,0.05388801264904451,0.015476070335366217,0.0368611719724737,4.8561117524128905,4.48020104926373e-06
single_shape,plain2_w64_gap,centered_logit_error_reduction,100,58.21699551820755,21.763199684729848,53.89870454468743,62.53528649172766,26.750200504319917,4.2021493967586766e-47
single_shape,plain2_w64_gap,centered_logit_fidelity,100,0.04318391525845709,0.05840915402952917,0.031594271903135705,0.05477355861377848,7.393347151822324,4.6661039031846546e-11
single_shape,plain2_w64_gap,cf_accuracy,100,0.023997396760823905,0.05374454742331428,0.013333312555555874,0.03466148096609194,4.4650849083927495,2.12503425712374e-05
single_shape,plain2_w64_gap,prob_error_reduction,100,0.1525119547918439,0.08705398032975223,0.1352385564445074,0.1697853531391804,17.51923969635197,4.249102464851295e-32
single_shape,plain2_w64_gap,prob_fidelity,100,0.02302678649896031,0.04639251843535628,0.01382150434833838,0.03223206864958224,4.963469817023627,2.8855068614422126e-06
single_shape,plain2_w64_gap,raw_logit_error_reduction,100,64.35696442842483,22.44226399311511,59.90393236371318,68.80999649313648,28.67668094812913,9.377101364143947e-50
single_shape,plain2_w64_gap,raw_logit_fidelity,100,0.04144329033254796,0.05470589068838542,0.030588454766995173,0.05229812589810075,7.575654067788858,1.923554129462235e-11
single_shape,plain2_w64_gmp,agreement,100,-0.012683918826514855,0.01782808872349786,-0.016221398412469966,-0.009146439240559745,-7.11457017251498,1.7893399862889807e-10
single_shape,plain2_w64_gmp,centered_logit_error_reduction,100,68.70044283866882,8.105379335266907,67.09215973106133,70.30872594627631,84.75907171888896,3.200548471690979e-94
single_shape,plain2_w64_gmp,centered_logit_fidelity,100,0.03206520401653521,0.010211384717079271,0.030039043751055296,0.034091364282015126,31.401425864313843,2.835038451794115e-53
single_shape,plain2_w64_gmp,cf_accuracy,100,-0.012688801683252678,0.01782380540022265,-0.01622543136494261,-0.009152172001562747,-7.11901942280753,1.751561839469569e-10
single_shape,plain2_w64_gmp,prob_error_reduction,100,-0.04630363557487726,0.030383031576029722,-0.05233228820425161,-0.040274982945502906,-15.239965590335586,1.033023639727086e-27
single_shape,plain2_w64_gmp,prob_fidelity,100,-0.023857190995633853,0.01521449641134923,-0.026876077164558837,-0.02083830482670887,-15.680565659628153,1.3936391449204436e-28
single_shape,plain2_w64_gmp,raw_logit_error_reduction,100,69.3316855430603,8.219708506070129,67.70071704757596,70.96265403854464,84.34810734694534,5.144847439100501e-94
single_shape,plain2_w64_gmp,raw_logit_fidelity,100,0.03167121436528103,0.010183521712343952,0.02965058272443291,0.03369184600612915,31.100453516872044,6.743794459093766e-53
single_shape,plain4_w16_gap,agreement,100,0.06832519736228278,0.051992999916134916,0.05800865818254017,0.07864173654202539,13.141230064141675,1.977607526098674e-23
single_shape,plain4_w16_gap,centered_logit_error_reduction,100,618.0684952926636,463.34189031756387,526.1314119778431,710.005578607484,13.3393614565921,7.63279340278012e-24
single_shape,plain4_w16_gap,centered_logit_fidelity,100,0.1551232608145704,0.15266533640862137,0.12483114597240744,0.18541537565673336,10.16100081811435,4.874042545727966e-17
single_shape,plain4_w16_gap,cf_accuracy,100,0.06888509358803276,0.05290171059539835,0.05838824649490194,0.07938194068116358,13.021335758852517,3.5252724493091047e-23
single_shape,plain4_w16_gap,prob_error_reduction,100,0.14749541954137385,0.10469153574048595,0.1267223475509851,0.1682684915317626,14.088571582997124,2.167650077750858e-25
single_shape,plain4_w16_gap,prob_fidelity,100,0.06236044244625148,0.05243716963440163,0.05195577035807226,0.07276511453443071,11.892411982003631,8.716472262168814e-21
single_shape,plain4_w16_gap,raw_logit_error_reduction,100,678.7930983543396,486.02053762253576,582.3560793973617,775.2301173113175,13.966345983541938,3.8588027577293213e-25
single_shape,plain4_w16_gap,raw_logit_fidelity,100,0.15154809378344652,0.14752930588753016,0.122275078823665,0.18082110874322804,10.272406073609545,2.786466258165408e-17
single_shape,plain4_w16_gmp,agreement,100,0.007903646120394115,0.015626239146337085,0.004803061260023584,0.011004230980764647,5.057932395874533,1.9510095557154172e-06
single_shape,plain4_w16_gmp,centered_logit_error_reduction,100,88.36636762619018,29.929132520691663,82.42777841680692,94.30495683557345,29.52520176289695,7.051778223953796e-51
single_shape,plain4_w16_gmp,centered_logit_fidelity,100,0.01434259979926798,0.012490009332195372,0.011864310975026519,0.016820888623509438,11.48325787259198,6.594242645278718e-20
single_shape,plain4_w16_gmp,cf_accuracy,100,0.007869466530974024,0.015651853966750173,0.0047637991345159435,0.010975133927432105,5.0278175018061315,2.2111983171820717e-06
single_shape,plain4_w16_gmp,prob_error_reduction,100,0.011542917266488074,0.02949415884303185,0.005690636271575452,0.017395198261400697,3.9136282298876783,0.0001669800657146141
single_shape,plain4_w16_gmp,prob_fidelity,100,0.005645351846446223,0.014790823229684504,0.0027105316284204077,0.008580172064472038,3.8167935339232906,0.00023563813377628715
single_shape,plain4_w16_gmp,raw_logit_error_reduction,100,96.20522855758666,36.278511378012496,89.00678483212936,103.40367228304397,26.518516031474835,8.956214106284153e-47
single_shape,plain4_w16_gmp,raw_logit_fidelity,100,0.014394748713531653,0.012204023127516856,0.01197320575681449,0.016816291670248815,11.795084754530896,1.4089660269946368e-20
single_shape,plain4_w64_gap,agreement,100,0.04014160340826493,0.04921330162788723,0.030376616674906,0.04990659014162385,8.156657261442152,1.1070769752169754e-12
single_shape,plain4_w64_gap,centered_logit_error_reduction,100,524.7769080257416,314.02870831787465,462.46679939283024,587.0870166586529,16.711112523334577,1.4146481582188634e-30
single_shape,plain4_w64_gap,centered_logit_fidelity,100,0.08076643459904771,0.09701616270255337,0.06151632313782048,0.10001654606027494,8.325049388592447,4.805085707088127e-13
single_shape,plain4_w64_gap,cf_accuracy,100,0.04073242360347649,0.04922723476364276,0.030964672233702074,0.050500174973250905,8.274367593273755,6.179032594625977e-13
single_shape,plain4_w64_gap,prob_error_reduction,100,0.09225429391488432,0.09939850423616403,0.07253147420811122,0.11197711362165742,9.281255751665482,4.044275629984201e-15
single_shape,plain4_w64_gap,prob_fidelity,100,0.042244961893866895,0.052039847356750824,0.03191912716554343,0.05257079662219036,8.117810493229031,1.3416073213510402e-12
single_shape,plain4_w64_gap,raw_logit_error_reduction,100,557.8141901993752,332.0758822795555,491.9231307161642,623.7052496825861,16.797792913180714,9.674635050786443e-31
single_shape,plain4_w64_gap,raw_logit_fidelity,100,0.0792656159738257,0.09470006977483533,0.06047506759746122,0.09805616435019018,8.370175033903616,3.840353833102671e-13
single_shape,plain4_w64_gmp,agreement,100,0.001697591549163917,0.005686918625534482,0.0005691835152561123,0.002825999583071722,2.985081484271053,0.0035718796037666795
single_shape,plain4_w64_gmp,centered_logit_error_reduction,100,32.214177799224856,10.539285319289162,30.122954940410914,34.3054006580388,30.565808613479675,3.1976286261936525e-52
single_shape,plain4_w64_gmp,centered_logit_fidelity,100,0.002140396533841049,0.002937688813244502,0.0015574953396684966,0.002723297728013602,7.285987965066692,7.842856543163458e-11
single_shape,plain4_w64_gmp,cf_accuracy,100,0.0016927085896895732,0.005703257908413537,0.0005610584875752299,0.0028243586918039166,2.967967812208637,0.0037593887128136
single_shape,plain4_w64_gmp,prob_error_reduction,100,0.001467980369925499,0.009399678235987625,-0.0003971197196049568,0.0033330804594559546,1.561734703114822,0.12154160725502977
single_shape,plain4_w64_gmp,prob_fidelity,100,0.0007169866569675071,0.0046973960826892595,-0.00021507863659125893,0.001649051950526273,1.5263491609952387,0.13011149422041135
single_shape,plain4_w64_gmp,raw_logit_error_reduction,100,33.167405967712405,10.910388242148725,31.002548237866343,35.33226369755847,30.399840254612528,5.207209653250591e-52
single_shape,plain4_w64_gmp,raw_logit_fidelity,100,0.0021706699454425204,0.0029877640465037513,0.0015778327386012031,0.0027635071522838376,7.265198695936564,8.670483420354774e-11
single_shape,res4_w16_gap,agreement,100,0.05743326983967563,0.050577533184003445,0.04739758996836321,0.06746894971098805,11.355490516061883,1.2434958238320646e-19
single_shape,res4_w16_gap,centered_logit_error_reduction,100,621.399572956562,325.3523882192645,556.8426005621831,685.9565453509409,19.09927805840425,5.693660865000225e-35
single_shape,res4_w16_gap,centered_logit_fidelity,100,0.1538694838983929,0.12291080712133776,0.1294813131960602,0.17825765460072557,12.51879208200892,4.0387457274435743e-22
single_shape,res4_w16_gap,cf_accuracy,100,0.057859703048161466,0.050594703096878677,0.047820616293630616,0.06789878980269232,11.435921056275747,8.340140409539057e-20
single_shape,res4_w16_gap,prob_error_reduction,100,0.1240884816646576,0.10067185480201472,0.10411300158007719,0.144063961749238,12.32603510769668,1.0356474034791866e-21
single_shape,res4_w16_gap,prob_fidelity,100,0.055907788588113065,0.05171830369419358,0.04564575509838173,0.0661698220778444,10.810058450232939,1.88535118759574e-18
single_shape,res4_w16_gap,raw_logit_error_reduction,100,680.4990288949012,346.00956043682527,611.8432253719299,749.1548324178726,19.66705856438748,5.7018376153182516e-36
single_shape,res4_w16_gap,raw_logit_fidelity,100,0.14947210452009296,0.11704054421046686,0.12624872133556217,0.17269548770462376,12.770968003302036,1.1843503662933968e-22
single_shape,res4_w16_gmp,agreement,100,0.011302083376795053,0.014499448154152694,0.008425078295183236,0.01417908845840687,7.794836918367886,6.584851578548503e-12
single_shape,res4_w16_gmp,centered_logit_error_reduction,100,61.26251508712769,23.579880236965494,56.58375527887124,65.94127489538414,25.98084234163676,5.287672648746995e-46
single_shape,res4_w16_gmp,centered_logit_fidelity,100,0.013941572454893818,0.011124496467985443,0.011734231007929825,0.01614891390185781,12.532317750304905,3.780985467679051e-22
single_shape,res4_w16_gmp,cf_accuracy,100,0.011302083776245126,0.014512582131898025,0.008422472628504905,0.014181694923985348,7.787782817368962,6.816701587944818e-12
single_shape,res4_w16_gmp,prob_error_reduction,100,0.01939885064959526,0.026869859707145245,0.014067287537828618,0.024730413761361904,7.219557846979272,1.0803793464524755e-10
single_shape,res4_w16_gmp,prob_fidelity,100,0.009638677633395381,0.01346223119692181,0.006967478898684605,0.012309876368106158,7.159792082310472,1.4401993460963052e-10
single_shape,res4_w16_gmp,raw_logit_error_reduction,100,66.04449911117554,26.005479071942275,60.88444787030817,71.2045503520429,25.396378558713803,3.759671627287608e-45
single_shape,res4_w16_gmp,raw_logit_fidelity,100,0.01373231987321592,0.010968161664320098,0.011555998643007496,0.015908641103424343,12.520165451141867,4.011787998704007e-22
single_shape,tiny_gap,agreement,100,0.11468750445637851,0.033861514611836355,0.10796864532645883,0.1214063635862982,33.869573104178066,2.977669954177882e-56
single_shape,tiny_gap,centered_logit_error_reduction,100,9.635064504034817,1.165746951165944,9.403755017858453,9.866373990211182,82.65142357351331,3.7405468368629326e-93
single_shape,tiny_gap,centered_logit_fidelity,100,-0.013547271460480641,0.020676656041942857,-0.017649968602535114,-0.009444574318426168,-6.551964414845337,2.569266669625742e-09
single_shape,tiny_gap,cf_accuracy,100,0.13812825993518346,0.03369439044256021,0.13144256186623354,0.14481395800413338,40.99443798238601,6.439659142319258e-64
single_shape,tiny_gap,prob_error_reduction,100,0.26435307690640913,0.038415104993018326,0.25673068665399723,0.27197546715882104,68.81487814609733,2.0702570759311743e-85
single_shape,tiny_gap,prob_fidelity,100,-0.0607899265663503,0.027903975869951834,-0.06632668076013198,-0.055253172372568625,-21.7853996325346,1.4994327279359106e-39
single_shape,tiny_gap,raw_logit_error_reduction,100,9.637543937191367,1.1629275372983028,9.406793883893974,9.86829399048876,82.87312517838537,2.879952638007275e-93
single_shape,tiny_gap,raw_logit_fidelity,100,-0.01539877058095705,0.02050324222791259,-0.01946705866006771,-0.011330482501846388,-7.510407578365122,2.643031554526118e-11
single_shape,tiny_gmp,agreement,100,-0.010133465311373584,0.03451656625543446,-0.01698230089883246,-0.0032846297239147093,-2.9358265930575063,0.00413630478820361
single_shape,tiny_gmp,centered_logit_error_reduction,100,53.08517321646214,4.575216693883367,52.17735096434368,53.992995468580595,116.02766987502909,1.378546110181267e-107
single_shape,tiny_gmp,centered_logit_fidelity,100,0.05689552099853258,0.02371599955042735,0.0521897521653552,0.06160128983170996,23.990353380449168,4.840718896884223e-43
single_shape,tiny_gmp,cf_accuracy,100,-0.010229494136583526,0.034510943216367135,-0.01707721399109872,-0.003381774282068332,-2.964130557791331,0.0038026601764293267
single_shape,tiny_gmp,prob_error_reduction,100,0.34592861955054105,0.05795698889954699,0.3344286955668024,0.3574285435342797,59.68712766464044,1.9559857721216127e-79
single_shape,tiny_gmp,prob_fidelity,100,0.0754960721430745,0.03003977511960512,0.06953552904165805,0.08145661524449094,25.13203638924808,9.230054919194897e-45
single_shape,tiny_gmp,raw_logit_error_reduction,100,53.94489291191101,4.629581849103113,53.02628343353629,54.86350239028573,116.52217126771768,9.07579255266758e-108
single_shape,tiny_gmp,raw_logit_fidelity,100,0.055809812532474135,0.023525972097941526,0.05114174926854567,0.0604778757964026,23.722638240039984,1.2491422963330568e-42
two_concepts,bn2_w16_gap,agreement,100,-0.07273681640625,0.08019244675861649,-0.0886487376310138,-0.056824895181486194,-9.070282719417662,1.1650410890787322e-14
two_concepts,bn2_w16_gap,centered_logit_error_reduction,100,-24.87228054881096,39.796171296135356,-32.768704318213814,-16.975856779408105,-6.249917954098849,1.0405005635264881e-08
two_concepts,bn2_w16_gap,centered_logit_fidelity,100,-0.13816720280241337,0.2912886555365129,-0.19596519161444992,-0.08036921399037682,-4.743308748084567,7.072865802516581e-06
two_concepts,bn2_w16_gap,cf_accuracy,100,-0.07489501953125,0.08181172478488252,-0.09112824064691866,-0.05866179841558134,-9.154558191772699,7.635970700418867e-15
two_concepts,bn2_w16_gap,prob_error_reduction,100,-0.03899207196896896,0.15911972118773,-0.07056487678020879,-0.0074192671577291355,-2.4504864436612466,0.016020799435269326
two_concepts,bn2_w16_gap,prob_fidelity,100,-0.055343377958112255,0.11762686440164109,-0.07868309978888158,-0.03200365612734294,-4.7049947509558985,8.24818867484934e-06
two_concepts,bn2_w16_gap,raw_logit_error_reduction,100,-24.832601351737978,39.88393657974846,-32.74643965749143,-16.91876304598453,-6.226216236725997,1.1599685748309065e-08
two_concepts,bn2_w16_gap,raw_logit_fidelity,100,-0.13635618145981135,0.2915151517195902,-0.19419911202844106,-0.07851325089118164,-4.67749894492527,9.206265289112932e-06
two_concepts,bn2_w16_gmp,agreement,100,-0.03147216796875,0.0671787141965756,-0.044801882318212444,-0.018142453619287558,-4.684842266652712,8.940317978010133e-06
two_concepts,bn2_w16_gmp,centered_logit_error_reduction,100,43.86615349501371,20.527668404076127,39.793018732622436,47.93928825740499,21.3692820010203,7.263250299393766e-39
two_concepts,bn2_w16_gmp,centered_logit_fidelity,100,0.01649964678515319,0.0708793181548626,0.00243565232517666,0.030563641245129718,2.327850664294412,0.021955306810928183
two_concepts,bn2_w16_gmp,cf_accuracy,100,-0.03096435546875,0.0674619665628135,-0.04435027323287906,-0.017578437704620937,-4.589898137629778,1.3033932419489127e-05
two_concepts,bn2_w16_gmp,prob_error_reduction,100,0.012710641850717366,0.12835291430202253,-0.01275736098364181,0.03817864468507654,0.9902885275209584,0.3244473287702363
two_concepts,bn2_w16_gmp,prob_fidelity,100,-0.009097175811718735,0.06270352377384691,-0.021538915291345634,0.003344563667908163,-1.4508236960540781,0.14999016702792978
two_concepts,bn2_w16_gmp,raw_logit_error_reduction,100,45.94726434886456,21.34362227242858,41.71222663674354,50.18230206098558,21.527397628385994,3.9787866093836254e-39
two_concepts,bn2_w16_gmp,raw_logit_fidelity,100,0.017216611659291586,0.07141050940972855,0.0030472173300711107,0.03138600598851206,2.410935281319544,0.017756146874855484
two_concepts,bn4_w16_gap,agreement,100,0.02050048828125,0.05992831684965274,0.00860941006393771,0.032391566498562285,3.4208349840162064,0.0009084761271416424
two_concepts,bn4_w16_gap,centered_logit_error_reduction,100,25.7142072558403,22.980327724328294,21.15441167347795,30.27400283820265,11.189660810893383,2.837013244055986e-19
two_concepts,bn4_w16_gap,centered_logit_fidelity,100,0.14450255933985093,0.1352218372161391,0.1176716131769587,0.17133350550274315,10.686333089002297,3.500595305963092e-18
two_concepts,bn4_w16_gap,cf_accuracy,100,0.0205859375,0.060033656034609514,0.008673957703041957,0.03249791729695804,3.429066103875494,0.0008842238924406981
two_concepts,bn4_w16_gap,prob_error_reduction,100,0.07570348741486668,0.1136480891113605,0.05315324092185016,0.0982537339078832,6.661219560030351,1.5401415335431163e-09
two_concepts,bn4_w16_gap,prob_fidelity,100,0.034287391964617345,0.058236811952559635,0.022731945016355413,0.045842838912879276,5.887580520813578,5.380928157709226e-08
two_concepts,bn4_w16_gap,raw_logit_error_reduction,100,25.909273958206178,23.15242990175523,21.31532957005828,30.503218346354075,11.190736379787914,2.82186118308739e-19
two_concepts,bn4_w16_gap,raw_logit_fidelity,100,0.14531727282227797,0.13590007843579663,0.11835174888685483,0.1722827967577011,10.692949886039273,3.386585623645689e-18
two_concepts,bn4_w16_gmp,agreement,100,-0.00744140625,0.03868816815992294,-0.015117978158874498,0.00023516565887449822,-1.9234320475551876,0.057298654108893565
two_concepts,bn4_w16_gmp,centered_logit_error_reduction,100,8.202690949440003,15.090046237531993,5.208498394966621,11.196883503913384,5.435828903584307,3.927096339528275e-07
two_concepts,bn4_w16_gmp,centered_logit_fidelity,100,0.013176304797875073,0.034672012045334266,0.006296625393279003,0.020055984202471143,3.800271175681072,0.0002497632951745994
two_concepts,bn4_w16_gmp,cf_accuracy,100,-0.00750244140625,0.03878031607507869,-0.015197297460655037,0.00019241464815503758,-1.9346003760581203,0.055893857705453326
two_concepts,bn4_w16_gmp,prob_error_reduction,100,-0.002345316242426634,0.07017288507118753,-0.01626913905242421,0.01157850656757094,-0.3342197260448115,0.7389207350505606
two_concepts,bn4_w16_gmp,prob_fidelity,100,-0.0018965200686652237,0.0356398160105088,-0.008968232776612479,0.005175192639282032,-0.5321352018500919,0.5958245768975663
two_concepts,bn4_w16_gmp,raw_logit_error_reduction,100,8.862811348438264,16.579937481898483,5.572992047655665,12.152630649220862,5.345503478595402,5.790940784096249e-07
two_concepts,bn4_w16_gmp,raw_logit_fidelity,100,0.01315152092401877,0.035507385234453785,0.006106085355147525,0.020196956492890016,3.7038832449023844,0.0003496347045828452
two_concepts,plain2_w16_gap,agreement,100,0.16216064453125,0.052434009996027445,0.1517565993838731,0.17256468967862693,30.926615100301454,1.115924161995434e-52
two_concepts,plain2_w16_gap,centered_logit_error_reduction,100,112.24616130888462,26.579531976113024,106.97220551766095,117.5201171001083,42.23030014590176,3.983284714970242e-65
two_concepts,plain2_w16_gap,centered_logit_fidelity,100,0.09362257302349279,0.10194835308008178,0.07339380798671123,0.11385133806027435,9.183333540459552,6.609867709988578e-15
two_concepts,plain2_w16_gap,cf_accuracy,100,0.15825439453125,0.05200323586919938,0.14793582431634877,0.16857296474615124,30.431643701806905,4.741887452364966e-52
two_concepts,plain2_w16_gap,prob_error_reduction,100,0.33477319896686825,0.07091336941457156,0.32070244799821795,0.34884394993551854,47.20875650538157,1.0805273096519692e-69
two_concepts,plain2_w16_gap,prob_fidelity,100,0.09276305647938331,0.06935341796790565,0.07900183372114566,0.10652427923762095,13.375412372943295,6.42165054017478e-24
two_concepts,plain2_w16_gap,raw_logit_error_reduction,100,112.9973667806387,26.75296304069068,107.68899850358837,118.30573505768903,42.23732773404282,3.921566262747218e-65
two_concepts,plain2_w16_gap,raw_logit_fidelity,100,0.0931263833094543,0.1016483669184845,0.072957142035381,0.1132956245835276,9.16162119792202,7.370253306324174e-15
two_concepts,plain2_w16_gmp,agreement,100,-0.0148095703125,0.047444454866617115,-0.024223579473011837,-0.005395561151988162,-3.1214544153020327,0.002358992185686257
two_concepts,plain2_w16_gmp,centered_logit_error_reduction,100,76.88096487045289,11.345110094639292,74.62984889371315,79.13208084719263,67.76572834386165,9.182885444638347e-85
two_concepts,plain2_w16_gmp,centered_logit_fidelity,100,-0.016681360073252015,0.030463886789130087,-0.022726056131072158,-0.010636664015431872,-5.475781927867504,3.303892027716929e-07
two_concepts,plain2_w16_gmp,cf_accuracy,100,-0.0148046875,0.04737888252825611,-0.02420568568597873,-0.0054036893140212705,-3.1247439175397793,0.002335140283110627
two_concepts,plain2_w16_gmp,prob_error_reduction,100,-0.05808355458080769,0.08901363508354002,-0.07574579094631645,-0.040421318215298936,-6.525242399807153,2.9105219612099105e-09
two_concepts,plain2_w16_gmp,prob_fidelity,100,-0.04216573098978404,0.045379114502103024,-0.05116993181408942,-0.03316153016547865,-9.291880516493976,3.834287706529348e-15
two_concepts,plain2_w16_gmp,raw_logit_error_reduction,100,77.87503943443298,11.517787434582955,75.58966052718613,80.16041834167983,67.61284654430048,1.143019829265751e-84
two_concepts,plain2_w16_gmp,raw_logit_fidelity,100,-0.017024510831895538,0.030533497532544713,-0.023083019171425266,-0.010966002492365812,-5.575683170180435,2.1391241518581943e-07
two_concepts,plain2_w64_gap,agreement,100,0.12527099609375,0.06446377206511206,0.11247998516427017,0.13806200702322982,19.432774732328603,1.4665723406444258e-35
two_concepts,plain2_w64_gap,centered_logit_error_reduction,100,106.00862122178077,22.42751938559885,101.55851480708695,110.45872763647459,47.26720748699966,9.608872283964533e-70
two_concepts,plain2_w64_gap,centered_logit_fidelity,100,0.22129026847748726,0.09621910235630363,0.20219831108130665,0.24038222587366787,22.99857960200455,1.6852225137635934e-41
two_concepts,plain2_w64_gap,cf_accuracy,100,0.1251123046875,0.06459673875713323,0.11229491028158971,0.13792969909341032,19.36820760532345,1.904979154500724e-35
two_concepts,plain2_w64_gap,prob_error_reduction,100,0.3247428636625409,0.10180986306136784,0.3045415780500351,0.3449441492750467,31.896994446087792,6.90686866196821e-54
two_concepts,plain2_w64_gap,prob_fidelity,100,0.13486925258634563,0.07003691574911458,0.12097240903972335,0.14876609613296793,19.25688062413723,2.994058635718041e-35
two_concepts,plain2_w64_gap,raw_logit_error_reduction,100,106.80195539712906,22.60890184656744,102.3158587670578,111.28805202720032,47.238895600470784,1.0170687288806365e-69
two_concepts,plain2_w64_gap,raw_logit_fidelity,100,0.2201732778262074,0.09584033708637671,0.2011564756769529,0.2391900799754619,22.972923981660752,1.8498992272736542e-41
two_concepts,plain2_w64_gmp,agreement,100,0.01670166015625,0.036075966514231506,0.009543405726009788,0.02385991458649021,4.629580790208741,1.1139812650456623e-05
two_concepts,plain2_w64_gmp,centered_logit_error_reduction,100,72.65093128681183,10.185985176041594,70.62981084132086,74.67205173230279,71.32440311978239,6.399609465328458e-87
two_concepts,plain2_w64_gmp,centered_logit_fidelity,100,-0.00720534866357005,0.02049250557626801,-0.011271506358061067,-0.003139190969079033,-3.5160896439693694,0.000662489157151055
two_concepts,plain2_w64_gmp,cf_accuracy,100,0.01661376953125,0.03600114414629131,0.009470361482092265,0.023757177580407733,4.614789314400576,1.1812375683685495e-05
two_concepts,plain2_w64_gmp,prob_error_reduction,100,-0.002051385510712862,0.0663251333260257,-0.015211730896885801,0.011108959875460078,-0.3092923312538456,0.7577491746826507
two_concepts,plain2_w64_gmp,prob_fidelity,100,-0.005991226059793421,0.03381090342078018,-0.012700042831389742,0.0007175907118029002,-1.7719804718708623,0.07947436763020045
two_concepts,plain2_w64_gmp,raw_logit_error_reduction,100,73.40711495876312,10.341076575780011,71.35522101483153,75.4590089026947,70.98595046737302,1.0157311864456704e-86
two_concepts,plain2_w64_gmp,raw_logit_fidelity,100,-0.007340592907914017,0.020421818505202846,-0.011392724753938484,-0.0032884610618895494,-3.594485430395859,0.000508694587465971
two_concepts,plain4_w16_gap,agreement,100,0.0514453125,0.041940326203976225,0.04312344187910064,0.05976718312089936,12.266311961856568,1.3874516093489889e-21
two_concepts,plain4_w16_gap,centered_logit_error_reduction,100,281.49125243902205,144.9518925116074,252.72965221041568,310.2528526676284,19.419632787235315,1.546695480766564e-35
two_concepts,plain4_w16_gap,centered_logit_fidelity,100,0.02770863843959246,0.06985941621661874,0.013847014651097864,0.04157026222808706,3.966342683665441,0.00013811530715706195
two_concepts,plain4_w16_gap,cf_accuracy,100,0.05151123046875,0.041496166357534836,0.04327749079750294,0.059744970139997064,12.413491411453395,6.752705222341988e-22
two_concepts,plain4_w16_gap,prob_error_reduction,100,0.11600727666169405,0.084706047072413,0.09919975921139816,0.13281479411198993,13.695276862881164,1.3949148422078901e-24
two_concepts,plain4_w16_gap,prob_fidelity,100,0.044707053136152926,0.04570600565340566,0.035637990015473714,0.05377611625683214,9.781439549798353,3.279839614181495e-16
two_concepts,plain4_w16_gap,raw_logit_error_reduction,100,287.98500177145,148.53989486665327,258.5114640333222,317.4585395095778,19.38772085640554,1.7601066191909688e-35
two_concepts,plain4_w16_gap,raw_logit_fidelity,100,0.02757389188774338,0.06969914827813775,0.01374406873528176,0.041403715040205,3.956130393115918,0.00014330576712744572
two_concepts,plain4_w16_gmp,agreement,100,-0.02543701171875,0.029475320638063896,-0.03128555480509913,-0.019588468632400866,-8.629935542041602,1.0536906964822544e-13
two_concepts,plain4_w16_gmp,centered_logit_error_reduction,100,57.59741353034973,32.19718654406623,51.2087931969371,63.986033863762366,17.88895854348014,8.786617611092688e-33
two_concepts,plain4_w16_gmp,centered_logit_fidelity,100,-0.01676115952108384,0.021946447371431838,-0.021115810811233263,-0.012406508230934418,-7.63729966741779,1.4238557159937552e-11
two_concepts,plain4_w16_gmp,cf_accuracy,100,-0.0255615234375,0.029464161868558436,-0.03140785238188798,-0.019715194493112022,-8.675462601492498,8.395667368979308e-14
two_concepts,plain4_w16_gmp,prob_error_reduction,100,-0.05613531241193414,0.05746803330474305,-0.06753821699769454,-0.04473240782617374,-9.768093526753956,3.50730442710811e-16
two_concepts,plain4_w16_gmp,prob_fidelity,100,-0.02941607133965467,0.029113116057152673,-0.03519274517906518,-0.023639397500244165,-10.10406144155344,6.48701384219409e-17
two_concepts,plain4_w16_gmp,raw_logit_error_reduction,100,60.501824140548706,34.07626792720494,53.74035329375265,67.26329498734476,17.75482698686226,1.553373437375062e-32
two_concepts,plain4_w16_gmp,raw_logit_fidelity,100,-0.016742769784244823,0.021953379407538626,-0.021098796540749455,-0.01238674302774019,-7.626511378241602,1.500879900782673e-11
two_concepts,plain4_w64_gap,agreement,100,0.00447265625,0.040066343544483345,-0.0034773755549048855,0.012422688054904886,1.116312559201782,0.26699049123636487
two_concepts,plain4_w64_gap,centered_logit_error_reduction,100,270.21627389878034,129.91566302023472,244.4381878146465,295.9943599829142,20.799360725018467,6.512368892506398e-38
two_concepts,plain4_w64_gap,centered_logit_fidelity,100,0.05112052527595254,0.0519819875051187,0.040806171197471555,0.06143487935443352,9.834276781148214,2.515149975681634e-16
two_concepts,plain4_w64_gap,cf_accuracy,100,0.00474365234375,0.04005139476982299,-0.003203413299946235,0.012690717987446235,1.1843912979839941,0.239093913035784
two_concepts,plain4_w64_gap,prob_error_reduction,100,0.0013092977134510876,0.08215031101710969,-0.014991106256373458,0.017609701683275632,0.15937830267963274,0.8736955357318066
two_concepts,plain4_w64_gap,prob_fidelity,100,-0.008914085302166084,0.04163058495898328,-0.0171744965401734,-0.0006536740641587685,-2.1412346982269708,0.03470981741587285
two_concepts,plain4_w64_gap,raw_logit_error_reduction,100,274.3087529605627,133.4017191951843,247.8389577007771,300.7785482203483,20.562610033474364,1.6380804549539154e-37
two_concepts,plain4_w64_gap,raw_logit_fidelity,100,0.051150568911339026,0.051911058901852276,0.0408502886065534,0.06145084921612465,9.853501352775119,2.2835874598712744e-16
two_concepts,plain4_w64_gmp,agreement,100,-0.01072509765625,0.011718763100973183,-0.01305035449590764,-0.00839984081659236,-9.152073101775846,7.731720024392155e-15
two_concepts,plain4_w64_gmp,centered_logit_error_reduction,100,31.390820217132568,23.732255425720666,26.6818258656232,36.09981456864193,13.227069932473277,1.3085543561067606e-23
two_concepts,plain4_w64_gmp,centered_logit_fidelity,100,-0.004858616286822326,0.009674123972634029,-0.006778172364647223,-0.0029390602089974286,-5.022280364161431,2.2625887400075936e-06
two_concepts,plain4_w64_gmp,cf_accuracy,100,-0.0107470703125,0.011714072787214853,-0.013071396492150887,-0.008422744132849115,-9.1744950776042,6.90945518138441e-15
two_concepts,plain4_w64_gmp,prob_error_reduction,100,-0.023797275368124246,0.022034742338202747,-0.02816944629525433,-0.019425104440994163,-10.79988819604471,1.983684011918922e-18
two_concepts,plain4_w64_gmp,prob_fidelity,100,-0.011988689677728292,0.011126148129647849,-0.014196358850199169,-0.009781020505257415,-10.77523823881333,2.243868758223659e-18
two_concepts,plain4_w64_gmp,raw_logit_error_reduction,100,32.20855770111084,24.213034937753058,27.40416626382646,37.01294913839522,13.302156373173663,9.124005926668964e-24
two_concepts,plain4_w64_gmp,raw_logit_fidelity,100,-0.004836812643389042,0.009662843047679493,-0.006754130340961503,-0.002919494945816581,-5.005579227068777,2.424743936905512e-06
two_concepts,res4_w16_gap,agreement,100,0.0411962890625,0.05158428762853605,0.03096084726769493,0.051431730857305076,7.986208777207289,2.569194140239071e-12
two_concepts,res4_w16_gap,centered_logit_error_reduction,100,270.4980149960518,113.48633068407813,247.97986488438283,293.0161651077207,23.83529482057719,8.374643483707069e-43
two_concepts,res4_w16_gap,centered_logit_fidelity,100,0.04435178861518724,0.08431098475082333,0.02762266010043448,0.061080917129939995,5.260499417278378,8.321708779975895e-07
two_concepts,res4_w16_gap,cf_accuracy,100,0.04168701171875,0.051622576492261533,0.03144397258269882,0.05193005085480118,8.075345043074144,1.6548831661795572e-12
two_concepts,res4_w16_gap,prob_error_reduction,100,0.09740101331844926,0.11002501287255338,0.07556966375442584,0.11923236288247269,8.852624578310476,3.464313454772815e-14
two_concepts,res4_w16_gap,prob_fidelity,100,0.034203283715498994,0.0578657064613952,0.022721472147876592,0.045685095283121396,5.910803791588983,4.849026866080434e-08
two_concepts,res4_w16_gap,raw_logit_error_reduction,100,276.3687610030174,115.42353622275436,253.4662272844936,299.2712947215412,23.94388268174846,5.7034832375959504e-43
two_concepts,res4_w16_gap,raw_logit_fidelity,100,0.044283143733457014,0.0841996508189022,0.027576106286204723,0.060990181180709306,5.259302538997677,8.364127251070359e-07
two_concepts,res4_w16_gmp,agreement,100,-0.0201220703125,0.026928101121209677,-0.025465189784373746,-0.014778950840626255,-7.472517360925621,3.177669959105031e-11
two_concepts,res4_w16_gmp,centered_logit_error_reduction,100,39.87399467468262,24.31523762776656,35.04932400639599,44.69866534296925,16.398768247754603,5.606531367709504e-30
two_concepts,res4_w16_gmp,centered_logit_fidelity,100,-0.017473830637360074,0.02090953501165788,-0.0216227360193522,-0.013324925255367947,-8.35687193790667,4.102723571113624e-13
two_concepts,res4_w16_gmp,cf_accuracy,100,-0.02017578125,0.026831100126820138,-0.0254996536201349,-0.014851908879865101,-7.5195505046893185,2.5280289443042238e-11
two_concepts,res4_w16_gmp,prob_error_reduction,100,-0.04480225579813123,0.053300667775010746,-0.05537826465113645,-0.03422624694512601,-8.40557119982953,3.2208693716314573e-13
two_concepts,res4_w16_gmp,prob_fidelity,100,-0.023277794292591854,0.027033495437304395,-0.0286418262833252,-0.01791376230185851,-8.610723073742832,1.1596551371899792e-13
two_concepts,res4_w16_gmp,raw_logit_error_reduction,100,41.95776527404785,25.429683253696805,36.911964415502005,47.0035661325937,16.499523354443788,3.590800674547069e-30
two_concepts,res4_w16_gmp,raw_logit_fidelity,100,-0.01723887315889419,0.020818369321524574,-0.02136968929010976,-0.013108057027678623,-8.280606849005478,5.990739111147187e-13
two_concepts,tiny_gap,agreement,100,0.29473876953125,0.03855442855898075,0.28708873446070426,0.30238880460179574,76.44744859344944,7.524727850136194e-90
two_concepts,tiny_gap,centered_logit_error_reduction,100,2.423220377159305,0.7085866294245285,2.2826214169821415,2.563819337336468,34.197941035484945,1.234199873525993e-56
two_concepts,tiny_gap,centered_logit_fidelity,100,0.08492618728756007,0.04280357970569554,0.07643302844349793,0.09341934613162221,19.840907669752585,2.8408207172351867e-36
two_concepts,tiny_gap,cf_accuracy,100,0.2979345703125,0.03423182653788443,0.29114223326247635,0.3047269073625236,87.03437719946821,2.405473709674239e-95
two_concepts,tiny_gap,prob_error_reduction,100,0.09435830475311377,0.021232098861771777,0.09014539570518515,0.09857121380104239,44.441345797897135,3.2733750386691276e-67
two_concepts,tiny_gap,prob_fidelity,100,0.12210995417236062,0.04400644116559052,0.11337812151838511,0.13084178682633613,27.748200249340023,1.706586656584929e-48
two_concepts,tiny_gap,raw_logit_error_reduction,100,2.4412482184381226,0.7114361415635363,2.3000838532319623,2.582412583644283,34.31436886342246,9.047165968019312e-57
two_concepts,tiny_gap,raw_logit_fidelity,100,0.08494542081231625,0.04277522086291301,0.07645788897791175,0.09343295264672075,19.858558085427834,2.647365604958638e-36
two_concepts,tiny_gmp,agreement,100,0.24033203125,0.057962561619810574,0.22883100151765995,0.25183306098234004,41.46332124283803,2.2209230550345604e-64
two_concepts,tiny_gmp,centered_logit_error_reduction,100,55.01800453890115,7.948078844897953,53.44093326124196,56.595075816560346,69.22176492275038,1.1685893749461434e-85
two_concepts,tiny_gmp,centered_logit_fidelity,100,0.1455765030257962,0.05246850235389402,0.13516561384630135,0.15598739220529104,27.745503777466222,1.721215684555328e-48
two_concepts,tiny_gmp,cf_accuracy,100,0.2399072265625,0.05797713527568971,0.22840330510065576,0.2514111480243442,41.379627575889394,2.6835798448505764e-64
two_concepts,tiny_gmp,prob_error_reduction,100,0.8315121474791886,0.09719619506354955,0.8122263136917091,0.8507979812666681,85.54986611724078,1.292016666082289e-94
two_concepts,tiny_gmp,prob_fidelity,100,0.2974503033227366,0.056422287166563535,0.28625489745841937,0.3086457091870538,52.71858307420918,2.9346842140689353e-74
two_concepts,tiny_gmp,raw_logit_error_reduction,100,55.69632842887193,8.018332238445643,54.10531735377436,57.2873395039695,69.46123803878284,8.358773947578785e-86
two_concepts,tiny_gmp,raw_logit_fidelity,100,0.14578645377422905,0.05235546726684847,0.1353979932083182,0.15617491434013991,27.845507142773833,1.2547091800497286e-48
