task,metric,family,contrast,alternative_architecture,reference_architecture,n,mean,sd,ci_low,ci_high,t_stat,p_two_sided,p_holm_within_factor_family
single_shape,centered_logit_fidelity,pooling,tiny: GAP - GMP,tiny_gap,tiny_gmp,100,-0.0704427924590132,0.032953253776396706,-0.07698143293431875,-0.06390415198370766,-21.376581789768203,7.063763575027251e-39,5.651010860021801e-38
single_shape,centered_logit_fidelity,pooling,plain2_w16: GAP - GMP,plain2_w16_gap,plain2_w16_gmp,100,-0.007638120685413757,0.08922449862477058,-0.025342196952220633,0.010065955581393117,-0.8560564422486152,0.3940338064936143,0.3940338064936143
single_shape,centered_logit_fidelity,pooling,plain4_w16: GAP - GMP,plain4_w16_gap,plain4_w16_gmp,100,0.14078066101530243,0.15395045993963852,0.11023354978362679,0.17132777224697807,9.144543060832701,8.029231828302224e-15,4.817539096981334e-14
single_shape,centered_logit_fidelity,pooling,plain2_w64: GAP - GMP,plain2_w64_gap,plain2_w64_gmp,100,0.011118711241921882,0.06034641379598688,-0.0008553264802226793,0.02309274896406644,1.8424808605049687,0.06839762503388207,0.13679525006776413
single_shape,centered_logit_fidelity,pooling,plain4_w64: GAP - GMP,plain4_w64_gap,plain4_w64_gmp,100,0.07862603806520665,0.09667944759979244,0.059442738185454765,0.09780933794495855,8.132652804418326,1.246666712353888e-12,6.23333356176944e-12
single_shape,centered_logit_fidelity,pooling,res4_w16: GAP - GMP,res4_w16_gap,res4_w16_gmp,100,0.1399279114434991,0.12338406046407957,0.11544583701066008,0.1644099858763381,11.340841832988296,1.3373892944663264e-19,9.361725061264284e-19
single_shape,centered_logit_fidelity,pooling,bn2_w16: GAP - GMP,bn2_w16_gap,bn2_w16_gmp,100,-0.33689218076207206,0.4366294958816123,-0.4235289454911647,-0.2502554160329794,-7.715744903624581,9.702422371966433e-12,2.9107267115899296e-11
single_shape,centered_logit_fidelity,pooling,bn4_w16: GAP - GMP,bn4_w16_gap,bn4_w16_gmp,100,0.3744693277945428,0.48136541556394014,0.27895598604760174,0.4699826695414838,7.779315166542157,7.105755644570242e-12,2.8423022578280968e-11
single_shape,centered_logit_fidelity,depth,GMP: plain2 - tiny,plain2_w16_gmp,tiny_gmp,100,-0.004382009072034152,0.028354940977203785,-0.01000824452685416,0.0012442263827858561,-1.5454128702144392,0.12543717404268406,0.12543717404268406
single_shape,centered_logit_fidelity,depth,GAP: plain2 - tiny,plain2_w16_gap,tiny_gap,100,0.058422662701565306,0.0926571873768516,0.040037466513618516,0.0768078588895121,6.30524888090451,8.068188279320392e-09,2.4204564837961175e-08
single_shape,centered_logit_fidelity,depth,GMP: plain4 - plain2,plain4_w16_gmp,plain2_w16_gmp,100,-0.03817091212723044,0.0218336151362821,-0.042503175054012916,-0.03383864920044797,-17.482634867828082,4.971352582912977e-32,1.988541033165191e-31
single_shape,centered_logit_fidelity,depth,GAP: plain4 - plain2,plain4_w16_gap,plain2_w16_gap,100,0.11024786957348573,0.18150597518168768,0.07423314629651291,0.14626259285045856,6.0740628215202,2.321493257404963e-08,4.642986514809926e-08
single_shape,centered_logit_fidelity,width,depth2 GMP: w64 - w16,plain2_w64_gmp,plain2_w16_gmp,100,-0.020448307909963215,0.01887358097722856,-0.0241932358411788,-0.01670337997874763,-10.834355141525394,1.669748350349729e-18,6.678993401398916e-18
single_shape,centered_logit_fidelity,width,depth2 GAP: w64 - w16,plain2_w64_gap,plain2_w16_gap,100,-0.0016914759826275763,0.10497334696619212,-0.02252046543413568,0.019137513468880523,-0.1611338526885625,0.8723163455743285,0.8723163455743285
single_shape,centered_logit_fidelity,width,depth4 GMP: w64 - w16,plain4_w64_gmp,plain4_w16_gmp,100,-0.012202203265426932,0.013145350231882024,-0.014810525941891008,-0.009593880588962857,-9.282524276783715,4.01861255515457e-15,1.205583766546371e-14
single_shape,centered_logit_fidelity,width,depth4 GAP: w64 - w16,plain4_w64_gap,plain4_w16_gap,100,-0.07435682621552268,0.17287904386050473,-0.1086597791557292,-0.04005387327531616,-4.301089626312421,3.990748942116948e-05,7.981497884233896e-05
single_shape,centered_logit_fidelity,residual,GMP: residual4 - plain4,res4_w16_gmp,plain4_w16_gmp,100,-0.0004010273443741627,0.016615996510327986,-0.0036980015387035174,0.0028959468499551917,-0.2413501616498876,0.8097829108792164,1.0
single_shape,centered_logit_fidelity,residual,GAP: residual4 - plain4,res4_w16_gap,plain4_w16_gap,100,-0.0012537769161774875,0.17890086417433368,-0.03675158965099469,0.03424403581863972,-0.07008221687267639,0.9442695905633968,1.0
single_shape,centered_logit_fidelity,batchnorm,depth2 GMP: BN - noBN,bn2_w16_gmp,plain2_w16_gmp,100,0.014253927728265376,0.04388263687635807,0.005546660531227286,0.022961194925303467,3.248193076552501,0.001586397314089463,0.001586397314089463
single_shape,centered_logit_fidelity,batchnorm,depth2 GAP: BN - noBN,bn2_w16_gap,plain2_w16_gap,100,-0.3150001323483929,0.4391367930965127,-0.4021343992411327,-0.22786586545565315,-7.173166477971767,1.3505469936683415e-10,5.402187974673366e-10
single_shape,centered_logit_fidelity,batchnorm,depth4 GMP: BN - noBN,bn4_w16_gmp,plain4_w16_gmp,100,-0.01155755495141567,0.025021543628720038,-0.01652237205371221,-0.006592737849119129,-4.619041543923679,1.1615100804502344e-05,3.484530241350703e-05
single_shape,centered_logit_fidelity,batchnorm,depth4 GAP: BN - noBN,bn4_w16_gap,plain4_w16_gap,100,0.22213111182782466,0.48192284405883823,0.1265071641739962,0.3177550594816531,4.609267117470459,1.2073418686794745e-05,3.484530241350703e-05
single_shape,prob_error_reduction,pooling,tiny: GAP - GMP,tiny_gap,tiny_gmp,100,-0.08157554264413193,0.07722704205227165,-0.09689906324023138,-0.06625202204803247,-10.563080039879937,6.488394503999201e-18,3.2441972519996e-17
single_shape,prob_error_reduction,pooling,plain2_w16: GAP - GMP,plain2_w16_gap,plain2_w16_gmp,100,0.22291017890907824,0.09492936717925125,0.2040741329530341,0.2417462248651224,23.48168807321406,2.950948420160583e-42,2.3607587361284665e-41
single_shape,prob_error_reduction,pooling,plain4_w16: GAP - GMP,plain4_w16_gap,plain4_w16_gmp,100,0.13595250227488578,0.10921364206214931,0.11428214628246498,0.1576228582673066,12.448307712100691,5.696662792176511e-22,3.417997675305907e-21
single_shape,prob_error_reduction,pooling,plain2_w64: GAP - GMP,plain2_w64_gap,plain2_w64_gmp,100,0.19881559036672114,0.0923553274942354,0.18049028972838344,0.21714089100505884,21.527246533680554,3.981070096151569e-39,2.7867490673060983e-38
single_shape,prob_error_reduction,pooling,plain4_w64: GAP - GMP,plain4_w64_gap,plain4_w64_gmp,100,0.09078631354495884,0.09990291209741313,0.07096340837530535,0.11060921871461232,9.087454173151139,1.0689717256366253e-14,2.1379434512732506e-14
single_shape,prob_error_reduction,pooling,res4_w16: GAP - GMP,res4_w16_gap,res4_w16_gmp,100,0.10468963101506233,0.10149675364138236,0.0845504731044402,0.12482878892568447,10.314579260826543,2.2550673544773786e-17,9.020269417909515e-17
single_shape,prob_error_reduction,pooling,bn2_w16: GAP - GMP,bn2_w16_gap,bn2_w16_gmp,100,-0.1495154938660562,0.1571136691330265,-0.18069025442802528,-0.11834073330408712,-9.51638992909414,1.2420434312129552e-15,3.726130293638866e-15
single_shape,prob_error_reduction,pooling,bn4_w16: GAP - GMP,bn4_w16_gap,bn4_w16_gmp,100,0.028173496946692467,0.12480009890897525,0.003410449765207442,0.05293654412817749,2.25748995337265,0.026173884020364673,0.026173884020364673
single_shape,prob_error_reduction,depth,GMP: plain2 - tiny,plain2_w16_gmp,tiny_gmp,100,-0.3662340067047626,0.07657570830431319,-0.3814282885544781,-0.3510397248550471,-47.82639492531264,3.147865332415024e-70,1.2591461329660096e-69
single_shape,prob_error_reduction,depth,GAP: plain2 - tiny,plain2_w16_gap,tiny_gap,100,-0.06174828515155241,0.09022708321088418,-0.07965129595147588,-0.043845274351628945,-6.843653031233492,6.511824517457927e-10,1.953547355237378e-09
single_shape,prob_error_reduction,depth,GMP: plain4 - plain2,plain4_w16_gmp,plain2_w16_gmp,100,0.03184830442070961,0.058757934302037705,0.020189455492479184,0.04350715334894003,5.420255970367752,4.2000180317310127e-07,8.400036063462025e-07
single_shape,prob_error_reduction,depth,GAP: plain4 - plain2,plain4_w16_gap,plain2_w16_gap,100,-0.05510937221348286,0.13990822692006372,-0.08287019976560181,-0.027348544661363904,-3.93896580827727,0.00015245239664142746,0.00015245239664142746
single_shape,prob_error_reduction,width,depth2 GMP: w64 - w16,plain2_w64_gmp,plain2_w16_gmp,100,-0.025998248420655727,0.0585635941448068,-0.037618536045451,-0.014377960795860456,-4.439319136795355,2.3483639491288345e-05,7.045091847386503e-05
single_shape,prob_error_reduction,width,depth2 GAP: w64 - w16,plain2_w64_gap,plain2_w16_gap,100,-0.05009283696301282,0.09862897083630708,-0.06966296454810511,-0.03052270937792053,-5.078917131372191,1.7876142138930173e-06,7.150456855572069e-06
single_shape,prob_error_reduction,width,depth4 GMP: w64 - w16,plain4_w64_gmp,plain4_w16_gmp,100,-0.010074936896562576,0.02928353790723795,-0.015885426128359074,-0.0042644476647660775,-3.4404780352965387,0.0008516061441153054,0.0008516061441153054
single_shape,prob_error_reduction,width,depth4 GAP: w64 - w16,plain4_w64_gap,plain4_w16_gap,100,-0.05524112562648952,0.13819374263099823,-0.08266176229964925,-0.0278204889533298,-3.997368084457565,0.00012342634968003433,0.00024685269936006865
single_shape,prob_error_reduction,residual,GMP: residual4 - plain4,res4_w16_gmp,plain4_w16_gmp,100,0.007855933383107186,0.03736001438790961,0.00044289599710691657,0.015268970769107455,2.1027650850288513,0.038022557756955434,0.07604511551391087
single_shape,prob_error_reduction,residual,GAP: residual4 - plain4,res4_w16_gap,plain4_w16_gap,100,-0.023406937876716258,0.14293156607271298,-0.05176766150854337,0.0049537857551108545,-1.6376325062308867,0.1046731548541836,0.1046731548541836
single_shape,prob_error_reduction,batchnorm,depth2 GMP: BN - noBN,bn2_w16_gmp,plain2_w16_gmp,100,0.13582262149080634,0.10753757091681033,0.11448483437625019,0.1571604086053625,12.630248231650771,2.3466710384440453e-22,7.040013115332136e-22
single_shape,prob_error_reduction,batchnorm,depth2 GAP: BN - noBN,bn2_w16_gap,plain2_w16_gap,100,-0.2366030512843281,0.13994202001473646,-0.2643705841195767,-0.20883551844907952,-16.907219951477963,5.996664640051805e-31,2.398665856020722e-30
single_shape,prob_error_reduction,batchnorm,depth4 GMP: BN - noBN,bn4_w16_gmp,plain4_w16_gmp,100,-0.0013814185932278632,0.047093159121594105,-0.010725723056510216,0.00796288587005449,-0.2933374228857854,0.7698782731478917,0.7698782731478917
single_shape,prob_error_reduction,batchnorm,depth4 GAP: BN - noBN,bn4_w16_gap,plain4_w16_gap,100,-0.10916042392142117,0.15919681629767315,-0.14074852607506436,-0.07757232176777798,-6.856947673960278,6.114061808413659e-10,1.2228123616827319e-09
single_shape,prob_fidelity,pooling,tiny: GAP - GMP,tiny_gap,tiny_gmp,100,-0.13628599870942482,0.04400828565815525,-0.14501819735074173,-0.1275538000681079,-30.9682589701536,9.888845742152133e-53,7.911076593721707e-52
single_shape,prob_fidelity,pooling,plain2_w16: GAP - GMP,plain2_w16_gap,plain2_w16_gmp,100,0.008888732229741644,0.05348477295437362,-0.0017238070850402448,0.01950127154452353,1.6619182879067982,0.0996925706156206,0.0996925706156206
single_shape,prob_fidelity,pooling,plain4_w16: GAP - GMP,plain4_w16_gap,plain4_w16_gmp,100,0.05671509059980524,0.054553645446021544,0.04589046379332214,0.06753971740628835,10.396205448070809,1.4974649122624455e-17,1.0482254385837119e-16
single_shape,prob_fidelity,pooling,plain2_w64: GAP - GMP,plain2_w64_gap,plain2_w64_gmp,100,0.04688397749459417,0.049162535979688164,0.03712906376720673,0.05663889122198161,9.53652543757397,1.1225696563192591e-15,5.6128482815962955e-15
single_shape,prob_fidelity,pooling,plain4_w64: GAP - GMP,plain4_w64_gap,plain4_w64_gmp,100,0.04152797523689939,0.05231234272008298,0.031148071516660696,0.05190787895713808,7.938465967603585,3.250517981207136e-12,9.751553943621409e-12
single_shape,prob_fidelity,pooling,res4_w16: GAP - GMP,res4_w16_gap,res4_w16_gmp,100,0.04626911095471769,0.05170786694440694,0.03600914834257097,0.05652907356686441,8.948176300612698,2.147658119284878e-14,8.590632477139512e-14
single_shape,prob_fidelity,pooling,bn2_w16: GAP - GMP,bn2_w16_gap,bn2_w16_gmp,100,-0.09163175983401879,0.090840118233753,-0.10965641008237151,-0.07360710958566608,-10.087146694176322,7.062068169604779e-17,4.2372409017628676e-16
single_shape,prob_fidelity,pooling,bn4_w16: GAP - GMP,bn4_w16_gap,bn4_w16_gmp,100,0.014014432358384865,0.06276079327906489,0.0015613293664517216,0.02646753535031801,2.2329915901588286,0.02780143007053928,0.05560286014107856
single_shape,prob_fidelity,depth,GMP: plain2 - tiny,plain2_w16_gmp,tiny_gmp,100,-0.08762656626479867,0.03926025921872455,-0.09541665345134569,-0.07983647907825166,-22.319405935813737,2.0376839420627378e-40,8.150735768250951e-40
single_shape,prob_fidelity,depth,GAP: plain2 - tiny,plain2_w16_gap,tiny_gap,100,0.05754816467436776,0.05561864725484851,0.046512218403630186,0.06858411094510533,10.346919156569571,1.917367257958301e-17,5.752101773874903e-17
single_shape,prob_fidelity,depth,GMP: plain4 - plain2,plain4_w16_gmp,plain2_w16_gmp,100,0.017775845968170403,0.029359545680052772,0.011950275145246755,0.02360141679109405,6.054537138239005,2.536393365438403e-08,2.536393365438403e-08
single_shape,prob_fidelity,depth,GAP: plain4 - plain2,plain4_w16_gap,plain2_w16_gap,100,0.06560220433823401,0.07446349995062275,0.05082703045058601,0.080377378225882,8.809981317254127,4.287691406233619e-14,8.575382812467238e-14
single_shape,prob_fidelity,width,depth2 GMP: w64 - w16,plain2_w64_gmp,plain2_w16_gmp,100,-0.011726696873909672,0.02930970033109951,-0.01754237729819824,-0.005911016449621105,-4.000961027044988,0.00012182522200771963,0.0003654756660231589
single_shape,prob_fidelity,width,depth2 GAP: w64 - w16,plain2_w64_gap,plain2_w16_gap,100,0.026268548390942854,0.05465928392594036,0.01542296061820027,0.03711413616368544,4.805871300204913,5.494560011614444e-06,2.1978240046457777e-05
single_shape,prob_fidelity,width,depth4 GMP: w64 - w16,plain4_w64_gmp,plain4_w16_gmp,100,-0.004928365189478717,0.014692573286096368,-0.007843690487148534,-0.0020130398918089005,-3.354324047607403,0.001128694715544332,0.002257389431088664
single_shape,prob_fidelity,width,depth4 GAP: w64 - w16,plain4_w64_gap,plain4_w16_gap,100,-0.020115480552384567,0.06987717588558348,-0.0339806282445006,-0.006250332860268531,-2.878691117300097,0.004893379321185775,0.004893379321185775
single_shape,prob_fidelity,residual,GMP: residual4 - plain4,res4_w16_gmp,plain4_w16_gmp,100,0.003993325786949158,0.01873018327096036,0.00027685107169317033,0.007709800502205145,2.13202707585915,0.0354790632399684,0.0709581264799368
single_shape,prob_fidelity,residual,GAP: residual4 - plain4,res4_w16_gap,plain4_w16_gap,100,-0.006452653858138407,0.07010609915023507,-0.02036322489248786,0.007457917176211047,-0.9204126226322451,0.3595945413785366,0.3595945413785366
single_shape,prob_fidelity,batchnorm,depth2 GMP: BN - noBN,bn2_w16_gmp,plain2_w16_gmp,100,0.06969759870012904,0.05395136108097732,0.05899247817832555,0.08040271922193253,12.918598771867439,5.791934166270282e-23,2.316773666508113e-22
single_shape,prob_fidelity,batchnorm,depth2 GAP: BN - noBN,bn2_w16_gap,plain2_w16_gap,100,-0.030822893363631386,0.09004932624624891,-0.04869063332530566,-0.01295515340195711,-3.42288994804282,0.0009023634196736168,0.0018047268393472336
single_shape,prob_fidelity,batchnorm,depth4 GMP: BN - noBN,bn4_w16_gmp,plain4_w16_gmp,100,-0.0006088591132034232,0.023626857868472476,-0.005296940302738024,0.004079222076331178,-0.2576978778104391,0.7971749878135788,0.7971749878135788
single_shape,prob_fidelity,batchnorm,depth4 GAP: BN - noBN,bn4_w16_gap,plain4_w16_gap,100,-0.043309517354623815,0.08183096635557564,-0.05954655641536691,-0.02707247829388072,-5.292558463312449,7.26061273674463e-07,2.1781838210233894e-06
single_shape,raw_logit_fidelity,pooling,tiny: GAP - GMP,tiny_gap,tiny_gmp,100,-0.07120858311343119,0.032585186481725974,-0.07767419105219571,-0.06474297517466666,-21.853053734513843,1.162350382219221e-39,9.298803057753768e-39
single_shape,raw_logit_fidelity,pooling,plain2_w16: GAP - GMP,plain2_w16_gap,plain2_w16_gmp,100,-0.009905781696898984,0.08478582731582708,-0.026729129278333263,0.0069175658845352945,-1.1683298978731387,0.245479510848806,0.245479510848806
single_shape,raw_logit_fidelity,pooling,plain4_w16: GAP - GMP,plain4_w16_gap,plain4_w16_gmp,100,0.13715334506991486,0.14859320339150564,0.10766922976391949,0.16663746037591023,9.230122370304539,5.227146260808531e-15,3.136287756485118e-14
single_shape,raw_logit_fidelity,pooling,plain2_w64: GAP - GMP,plain2_w64_gap,plain2_w64_gmp,100,0.00977207596726693,0.056708218405694504,-0.0014800648582174603,0.02102421679275132,1.723220415312085,0.0879706592218164,0.1759413184436328
single_shape,raw_logit_fidelity,pooling,plain4_w64: GAP - GMP,plain4_w64_gap,plain4_w64_gmp,100,0.07709494602838317,0.09432883697249655,0.058378058293957244,0.09581183376280909,8.1729986823501,1.0210671515123497e-12,5.105335757561749e-12
single_shape,raw_logit_fidelity,pooling,res4_w16: GAP - GMP,res4_w16_gap,res4_w16_gmp,100,0.13573978464687705,0.11745974263568262,0.11243322340020712,0.159046345893547,11.556281462993875,4.591265970812303e-20,3.213886179568612e-19
single_shape,raw_logit_fidelity,pooling,bn2_w16: GAP - GMP,bn2_w16_gap,bn2_w16_gmp,100,-0.3387783733761322,0.4405223713837748,-0.42618756906140554,-0.25136917769085887,-7.690378409431443,1.0984737795483617e-11,3.295421338645085e-11
single_shape,raw_logit_fidelity,pooling,bn4_w16: GAP - GMP,bn4_w16_gap,bn4_w16_gmp,100,0.3876462098073439,0.49782461672078404,0.2888670054659048,0.48642541414878293,7.786802757179921,6.849549512116033e-12,2.739819804846413e-11
single_shape,raw_logit_fidelity,depth,GMP: plain2 - tiny,plain2_w16_gmp,tiny_gmp,100,-0.003728228060175427,0.027871875173147927,-0.0092586127792815,0.0018021566589306458,-1.3376308687573497,0.1840816396539215,0.1840816396539215
single_shape,raw_logit_fidelity,depth,GAP: plain2 - tiny,plain2_w16_gap,tiny_gap,100,0.05757457335635678,0.08816841277152279,0.0400800474347844,0.07506909927792917,6.5300680307758245,2.8457441045907207e-09,8.537232313772162e-09
single_shape,raw_logit_fidelity,depth,GMP: plain4 - plain2,plain4_w16_gmp,plain2_w16_gmp,100,-0.03768683575876706,0.02142746398186783,-0.04193850948500001,-0.033435162032534105,-17.588098988596176,3.164063403080161e-32,1.2656253612320644e-31
single_shape,raw_logit_fidelity,depth,GAP: plain4 - plain2,plain4_w16_gap,plain2_w16_gap,100,0.10937229100804682,0.17355324509134892,0.07493556191673816,0.14380902009935548,6.301944452290664,8.191882604726932e-09,1.6383765209453865e-08
single_shape,raw_logit_fidelity,width,depth2 GMP: w64 - w16,plain2_w64_gmp,plain2_w16_gmp,100,-0.020410370107017677,0.018695328873255507,-0.024119928953597332,-0.01670081126043802,-10.917363500470756,1.1029475743749812e-18,4.411790297499925e-18
single_shape,raw_logit_fidelity,width,depth2 GAP: w64 - w16,plain2_w64_gap,plain2_w16_gap,100,-0.000732512442851763,0.09962698824744032,-0.020500668334458946,0.01903564344875542,-0.07352550305269148,0.9415363023094491,0.9415363023094491
single_shape,raw_logit_fidelity,width,depth4 GMP: w64 - w16,plain4_w64_gmp,plain4_w16_gmp,100,-0.012224078768089133,0.012887086630460011,-0.014781156342961278,-0.009667001193216989,-9.485525408975066,1.4503074781508234e-15,4.35092243445247e-15
single_shape,raw_logit_fidelity,width,depth4 GAP: w64 - w16,plain4_w64_gap,plain4_w16_gap,100,-0.07228247780962083,0.16705916434071374,-0.10543064038989136,-0.0391343152293503,-4.32675921101833,3.6192365625812214e-05,7.238473125162443e-05
single_shape,raw_logit_fidelity,residual,GMP: residual4 - plain4,res4_w16_gmp,plain4_w16_gmp,100,-0.0006624288403157357,0.01648221119925935,-0.003932857126435525,0.002607999445804053,-0.40190532223340447,0.6886200499138807,1.0
single_shape,raw_logit_fidelity,residual,GAP: residual4 - plain4,res4_w16_gap,plain4_w16_gap,100,-0.0020759892633535676,0.17144189268226984,-0.03609378023057548,0.031941801703868344,-0.12108996411985261,0.9038652093054276,1.0
single_shape,raw_logit_fidelity,batchnorm,depth2 GMP: BN - noBN,bn2_w16_gmp,plain2_w16_gmp,100,0.017512057779450623,0.043288781152831385,0.00892262444175436,0.026101491117146887,4.045403292281241,0.00010359344305154956,0.00010359344305154956
single_shape,raw_logit_fidelity,batchnorm,depth2 GAP: BN - noBN,bn2_w16_gap,plain2_w16_gap,100,-0.3113605338997826,0.44255741626641815,-0.3991735266403939,-0.22354754115917125,-7.035483362284105,2.613014118965157e-10,1.0452056475860628e-09
single_shape,raw_logit_fidelity,batchnorm,depth4 GMP: BN - noBN,bn4_w16_gmp,plain4_w16_gmp,100,-0.01135969576609351,0.025341429145115776,-0.01638798509480999,-0.006331406437377028,-4.482657904194381,1.9846417741771302e-05,3.9692835483542605e-05
single_shape,raw_logit_fidelity,batchnorm,depth4 GAP: BN - noBN,bn4_w16_gap,plain4_w16_gap,100,0.23913316897133557,0.4961393727427516,0.1406883535967736,0.3375779843458976,4.819878891073742,5.191241361955541e-06,1.5573724085866625e-05
single_shape,centered_logit_error_reduction,pooling,tiny: GAP - GMP,tiny_gap,tiny_gmp,100,-43.450108712427316,4.5076271373661045,-44.344519730166596,-42.555697694688035,-96.39241975505558,1.0993482657539281e-99,8.794786126031425e-99
single_shape,centered_logit_error_reduction,pooling,plain2_w16: GAP - GMP,plain2_w16_gap,plain2_w16_gmp,100,-0.9629958504438401,39.72565797401592,-8.845428246940491,6.919436546052811,-0.24241155453579255,0.8089627661469276,0.8089627661469276
single_shape,centered_logit_error_reduction,pooling,plain4_w16: GAP - GMP,plain4_w16_gap,plain4_w16_gmp,100,529.7021276664734,465.3064624547558,437.3752306179299,622.0290247150169,11.38394091653045,1.079598340199343e-19,4.318393360797372e-19
single_shape,centered_logit_error_reduction,pooling,plain2_w64: GAP - GMP,plain2_w64_gap,plain2_w64_gmp,100,-10.483447320461273,22.441307921527706,-14.936289679827855,-6.030604961094691,-4.671495688718132,9.429365727982242e-06,1.8858731455964484e-05
single_shape,centered_logit_error_reduction,pooling,plain4_w64: GAP - GMP,plain4_w64_gap,plain4_w64_gmp,100,492.56273022651675,313.8529430965889,430.28749722676287,554.8379632262706,15.69406121754702,1.3112006058146054e-28,7.867203634887633e-28
single_shape,centered_logit_error_reduction,pooling,res4_w16: GAP - GMP,res4_w16_gap,res4_w16_gmp,100,560.1370578694343,328.14105823923217,495.02675284245527,625.2473628964134,17.070008272511416,2.951971293996256e-31,2.066379905797379e-30
single_shape,centered_logit_error_reduction,pooling,bn2_w16: GAP - GMP,bn2_w16_gap,bn2_w16_gmp,100,-84.67881002426148,61.56797523963444,-96.89523203879503,-72.46238800972793,-13.753710381846277,1.0566676387544956e-24,5.283338193772478e-24
single_shape,centered_logit_error_reduction,pooling,bn4_w16: GAP - GMP,bn4_w16_gap,bn4_w16_gmp,100,38.64731205463409,66.71253576554854,25.410097619702437,51.884526489565744,5.793110936519401,8.202330073335585e-08,2.4606990220006754e-07
single_shape,centered_logit_error_reduction,depth,GMP: plain2 - tiny,plain2_w16_gmp,tiny_gmp,100,33.653574804663656,11.022454197076845,31.46648075807118,35.840668851256126,30.531834565108543,3.532671657866504e-52,1.4130686631466016e-51
single_shape,centered_logit_error_reduction,depth,GAP: plain2 - tiny,plain2_w16_gap,tiny_gap,100,76.14068766664714,39.38331056338728,68.3261844237006,83.95519090959368,19.333236992380062,2.1953492217006418e-35,6.586047665101926e-35
single_shape,centered_logit_error_reduction,depth,GMP: plain4 - plain2,plain4_w16_gmp,plain2_w16_gmp,100,1.627619605064392,30.045946379841954,-4.334148008269503,7.5893872183982864,0.5417102142458639,0.5892352569249414,0.5892352569249414
single_shape,centered_logit_error_reduction,depth,GAP: plain4 - plain2,plain4_w16_gap,plain2_w16_gap,100,532.2927431219816,462.88572510279096,440.44617288234883,624.1393133616144,11.499441746745976,6.085615917539416e-20,1.217123183507883e-19
single_shape,centered_logit_error_reduction,width,depth2 GMP: w64 - w16,plain2_w64_gmp,plain2_w16_gmp,100,-18.03830518245697,10.177103141035008,-20.057663239505473,-16.018947125408467,-17.724400482613643,1.7682601952314225e-32,5.304780585694268e-32
single_shape,centered_logit_error_reduction,width,depth2 GAP: w64 - w16,plain2_w64_gap,plain2_w16_gap,100,-27.558756652474404,42.60082436278569,-36.0116844376939,-19.105828867254907,-6.469066518005833,3.780700620106697e-09,7.561401240213393e-09
single_shape,centered_logit_error_reduction,width,depth4 GMP: w64 - w16,plain4_w64_gmp,plain4_w16_gmp,100,-56.15218982696533,30.75877802248901,-62.25539870319598,-50.04898095073469,-18.255663403113786,1.8721446812198845e-33,7.488578724879538e-33
single_shape,centered_logit_error_reduction,width,depth4 GAP: w64 - w16,plain4_w64_gap,plain4_w16_gap,100,-93.291587266922,507.3500912438081,-193.96085241040993,7.377677876565954,-1.8388010345718167,0.06894211093284147,0.06894211093284147
single_shape,centered_logit_error_reduction,residual,GMP: residual4 - plain4,res4_w16_gmp,plain4_w16_gmp,100,-27.1038525390625,38.41719850462684,-34.72665818959659,-19.481046888528407,-7.055135094194387,2.378643546484242e-10,4.757287092968484e-10
single_shape,centered_logit_error_reduction,residual,GAP: residual4 - plain4,res4_w16_gap,plain4_w16_gap,100,3.331077663898468,488.21534047422125,-93.54143779544994,100.20359312324688,0.06822968038371902,0.9457404159057854,0.9457404159057854
single_shape,centered_logit_error_reduction,batchnorm,depth2 GMP: BN - noBN,bn2_w16_gmp,plain2_w16_gmp,100,-54.177249703407284,16.16101641245643,-57.38394597545352,-50.97055343136105,-33.52341729054187,7.5942710173085e-56,3.0377084069234e-55
single_shape,centered_logit_error_reduction,batchnorm,depth2 GAP: BN - noBN,bn2_w16_gap,plain2_w16_gap,100,-137.89306387722493,69.37612818691159,-151.65879283561515,-124.1273349188347,-19.876154446918196,2.4677102994781496e-36,4.935420598956299e-36
single_shape,centered_logit_error_reduction,batchnorm,depth4 GMP: BN - noBN,bn4_w16_gmp,plain4_w16_gmp,100,-83.73676357269287,31.04525078768113,-89.89681486060971,-77.57671228477602,-26.972487400849058,2.0425630461529832e-47,6.127689138458949e-47
single_shape,centered_logit_error_reduction,batchnorm,depth4 GAP: BN - noBN,bn4_w16_gap,plain4_w16_gap,100,-574.7915791845321,460.04982363628017,-666.075445047877,-483.5077133211872,-12.494115846873314,4.5553215085661355e-22,4.5553215085661355e-22
single_shape,raw_logit_error_reduction,pooling,tiny: GAP - GMP,tiny_gap,tiny_gmp,100,-44.307348974719645,4.563896044985532,-45.212924964493496,-43.401772984945794,-97.08229227394703,5.466338546545205e-100,4.373070837236164e-99
single_shape,raw_logit_error_reduction,pooling,plain2_w16: GAP - GMP,plain2_w16_gap,plain2_w16_gmp,100,3.5477103388309477,40.2534371880191,-4.4394449039777095,11.534865581639604,0.8813434545378094,0.3802666965270889,0.3802666965270889
single_shape,raw_logit_error_reduction,pooling,plain4_w16: GAP - GMP,plain4_w16_gap,plain4_w16_gmp,100,582.5878697967529,488.14706748329473,485.7289011799977,679.4468384135081,11.934679292459133,7.077299814033177e-21,2.830919925613271e-20
single_shape,raw_logit_error_reduction,pooling,plain2_w64: GAP - GMP,plain2_w64_gap,plain2_w64_gmp,100,-4.974721114635468,23.121674025642253,-9.56256286970894,-0.3868793595619966,-2.151540199519479,0.03386603933507504,0.06773207867015008
single_shape,raw_logit_error_reduction,pooling,plain4_w64: GAP - GMP,plain4_w64_gap,plain4_w64_gmp,100,524.6467842316628,331.7592021893969,458.81856094876406,590.4750075145614,15.81408385266579,7.6312265479448e-29,4.57873592876688e-28
single_shape,raw_logit_error_reduction,pooling,res4_w16: GAP - GMP,res4_w16_gap,res4_w16_gmp,100,614.4545297837258,349.658562254138,545.0746851345262,683.8343744329253,17.57298679667765,3.375403710470792e-32,2.362782597329554e-31
single_shape,raw_logit_error_reduction,pooling,bn2_w16: GAP - GMP,bn2_w16_gap,bn2_w16_gmp,100,-87.89795723438263,62.40856586609154,-100.28117066595226,-75.514743802813,-14.084277697228776,2.211951264824948e-25,1.105975632412474e-24
single_shape,raw_logit_error_reduction,pooling,bn4_w16: GAP - GMP,bn4_w16_gap,bn4_w16_gmp,100,39.992280230522155,69.91208746902569,26.120205322838842,53.86435513820547,5.720367060737615,1.1324502139895297e-07,3.397350641968589e-07
single_shape,raw_logit_error_reduction,depth,GMP: plain2 - tiny,plain2_w16_gmp,tiny_gmp,100,34.96278732299805,11.112096863054202,32.757906226663806,37.16766841933229,31.46371720286498,2.3715756312585284e-53,9.486302525034114e-53
single_shape,raw_logit_error_reduction,depth,GAP: plain2 - tiny,plain2_w16_gap,tiny_gap,100,82.81784663654864,40.027801760471505,74.87546235776182,90.76023091533546,20.690081142135913,9.960665600554072e-38,2.9881996801662214e-37
single_shape,raw_logit_error_reduction,depth,GMP: plain4 - plain2,plain4_w16_gmp,plain2_w16_gmp,100,7.2975483226776126,36.12448416114603,0.12966693869151502,14.46542970666371,2.0201114264010855,0.04607345366719206,0.04607345366719206
single_shape,raw_logit_error_reduction,depth,GAP: plain4 - plain2,plain4_w16_gap,plain2_w16_gap,100,586.3377077805995,483.88561334611757,490.32430411758384,682.3511114436153,12.11727920005754,2.882265040713612e-21,5.764530081427224e-21
single_shape,raw_logit_error_reduction,width,depth2 GMP: w64 - w16,plain2_w64_gmp,plain2_w16_gmp,100,-19.575994691848756,10.395600361291908,-21.638707337728086,-17.513282045969426,-18.831038142578194,1.7121694238687536e-34,6.848677695475015e-34
single_shape,raw_logit_error_reduction,width,depth2 GAP: w64 - w16,plain2_w64_gap,plain2_w16_gap,100,-28.09842614531517,43.34999538051068,-36.70000571383539,-19.49684657679495,-6.481759893784828,3.5639711600453752e-09,7.1279423200907505e-09
single_shape,raw_logit_error_reduction,width,depth4 GMP: w64 - w16,plain4_w64_gmp,plain4_w16_gmp,100,-63.03782258987427,37.18135512697064,-70.41541010246324,-55.6602350772853,-16.95414875940007,4.886832677916658e-31,1.4660498033749974e-30
single_shape,raw_logit_error_reduction,width,depth4 GAP: w64 - w16,plain4_w64_gap,plain4_w16_gap,100,-120.97890815496444,537.6703020024763,-227.66436091475464,-14.293455395174263,-2.2500574739649144,0.02665859362625622,0.02665859362625622
single_shape,raw_logit_error_reduction,residual,GMP: residual4 - plain4,res4_w16_gmp,plain4_w16_gmp,100,-30.160729446411132,45.090305589589676,-39.10762431671869,-21.213834576103572,-6.688960975543832,1.3518477024993137e-09,2.7036954049986275e-09
single_shape,raw_logit_error_reduction,residual,GAP: residual4 - plain4,res4_w16_gap,plain4_w16_gap,100,1.705930540561676,528.7876484874462,-103.21701105126937,106.62887213239273,0.03226116467435181,0.9743287314971674,0.9743287314971674
single_shape,raw_logit_error_reduction,batchnorm,depth2 GMP: BN - noBN,bn2_w16_gmp,plain2_w16_gmp,100,-53.8832935667038,17.013575687377642,-57.259156095303126,-50.50743103810447,-31.670763722337195,1.313010068494547e-53,5.252040273978188e-53
single_shape,raw_logit_error_reduction,batchnorm,depth2 GAP: BN - noBN,bn2_w16_gap,plain2_w16_gap,100,-145.32896113991737,70.34879262784193,-159.28768782549753,-131.3702344543372,-20.65834475777492,1.127195228782557e-37,2.254390457565114e-37
single_shape,raw_logit_error_reduction,batchnorm,depth4 GMP: BN - noBN,bn4_w16_gmp,plain4_w16_gmp,100,-91.19184400558471,37.254998364609776,-98.584043934223,-83.79964407694642,-24.47774741877643,8.783993202199773e-44,2.6351979606599318e-43
single_shape,raw_logit_error_reduction,batchnorm,depth4 GAP: BN - noBN,bn4_w16_gap,plain4_w16_gap,100,-633.7874335718155,483.01284173234717,-729.6276604117406,-537.9472067318904,-13.12154416637679,2.1742895200967973e-23,2.1742895200967973e-23
single_shape,cf_accuracy,pooling,tiny: GAP - GMP,tiny_gap,tiny_gmp,100,0.148357754071767,0.05007237574196402,0.13842230839642605,0.15829319974710793,29.62866288515909,5.1646289308861515e-51,4.131703144708921e-50
single_shape,cf_accuracy,pooling,plain2_w16: GAP - GMP,plain2_w16_gap,plain2_w16_gmp,100,0.034628906695288605,0.06086328573954079,0.022552310365924137,0.046705503024653074,5.68962162895379,1.2971366837286118e-07,2.5942733674572237e-07
single_shape,cf_accuracy,pooling,plain4_w16: GAP - GMP,plain4_w16_gap,plain4_w16_gmp,100,0.061015627057058736,0.05492628710211691,0.05011706006148646,0.07191419405263101,11.10863855472713,4.247569601581829e-19,2.9732987211072803e-18
single_shape,cf_accuracy,pooling,plain2_w64: GAP - GMP,plain2_w64_gap,plain2_w64_gmp,100,0.036686198444076584,0.0565995477756883,0.02545562022921198,0.04791677665894119,6.481712290258745,3.5647605645428387e-09,1.0694281693628516e-08
single_shape,cf_accuracy,pooling,plain4_w64: GAP - GMP,plain4_w64_gap,plain4_w64_gmp,100,0.03903971501378692,0.049631080861303134,0.02919183181673153,0.048887598210842306,7.865981223114124,4.643236134634273e-12,1.857294453853709e-11
single_shape,cf_accuracy,pooling,res4_w16: GAP - GMP,res4_w16_gap,res4_w16_gmp,100,0.04655761927191634,0.05099771703587526,0.036438565808437226,0.05667667273539545,9.129353621685564,8.664607436288693e-15,5.1987644617732157e-14
single_shape,cf_accuracy,pooling,bn2_w16: GAP - GMP,bn2_w16_gap,bn2_w16_gmp,100,-0.0696305356391531,0.07992688142630225,-0.08548976294050376,-0.05377130833780245,-8.711779365914202,7.003490782650593e-14,3.5017453913252965e-13
single_shape,cf_accuracy,pooling,bn4_w16: GAP - GMP,bn4_w16_gap,bn4_w16_gmp,100,0.0180273444231716,0.06359057227344589,0.005409595276566346,0.030645093569776852,2.834908348623157,0.005557467491156873,0.005557467491156873
single_shape,cf_accuracy,depth,GMP: plain2 - tiny,plain2_w16_gmp,tiny_gmp,100,0.006803387131949421,0.04783867370306184,-0.002688843598353245,0.016295617862252088,1.4221521219794981,0.15812510762505927,0.15812510762505927
single_shape,cf_accuracy,depth,GAP: plain2 - tiny,plain2_w16_gap,tiny_gap,100,-0.10692546024452895,0.05884638737401863,-0.11860186018124382,-0.09524906030781409,-18.170267541646542,2.6794900812602148e-33,1.0717960325040859e-32
single_shape,cf_accuracy,depth,GMP: plain4 - plain2,plain4_w16_gmp,plain2_w16_gmp,100,0.011295573535608127,0.03681935433705741,0.003989814833402509,0.018601332237813746,3.0678358539925625,0.002781119750162205,0.00556223950032441
single_shape,cf_accuracy,depth,GAP: plain4 - plain2,plain4_w16_gap,plain2_w16_gap,100,0.03768229389737826,0.07473902492862085,0.022852449876537333,0.05251213791821919,5.041849814520133,2.0860058542663104e-06,6.258017562798931e-06
single_shape,cf_accuracy,width,depth2 GMP: w64 - w16,plain2_w64_gmp,plain2_w16_gmp,100,-0.009262694678618573,0.03645534197671646,-0.01649622543122664,-0.002029163926010505,-2.5408332980484816,0.01261208021145346,0.02522416042290692
single_shape,cf_accuracy,width,depth2 GAP: w64 - w16,plain2_w64_gap,plain2_w16_gap,100,-0.007205402929830598,0.05863502435601415,-0.018839863858219168,0.004429057998557974,-1.2288564742604298,0.22203863496655488,0.22203863496655488
single_shape,cf_accuracy,width,depth4 GMP: w64 - w16,plain4_w64_gmp,plain4_w16_gmp,100,-0.006176757941284449,0.015526241024850153,-0.009257501004876864,-0.0030960148776920356,-3.978270034194618,0.00013228067803501068,0.00039684203410503206
single_shape,cf_accuracy,width,depth4 GAP: w64 - w16,plain4_w64_gap,plain4_w16_gap,100,-0.028152669984556268,0.06708493893444922,-0.04146377728754365,-0.014841562681568889,-4.196570859528562,5.919321267664934e-05,0.00023677285070659737
single_shape,cf_accuracy,residual,GMP: residual4 - plain4,res4_w16_gmp,plain4_w16_gmp,100,0.0034326172452711036,0.019820435517132463,-0.0005001871688208688,0.007365421659363076,1.7318576286096259,0.08641363983171507,0.17282727966343014
single_shape,cf_accuracy,residual,GAP: residual4 - plain4,res4_w16_gap,plain4_w16_gap,100,-0.011025390539871296,0.07207808627046393,-0.02532724660144757,0.003276465521704977,-1.5296452930922593,0.12929362759324758,0.17282727966343014
single_shape,cf_accuracy,batchnorm,depth2 GMP: BN - noBN,bn2_w16_gmp,plain2_w16_gmp,100,0.030935873795096994,0.06224621106838864,0.01858487507770471,0.04328687251248928,4.969920781380313,2.809760505565437e-06,5.619521011130874e-06
single_shape,cf_accuracy,batchnorm,depth2 GAP: BN - noBN,bn2_w16_gap,plain2_w16_gap,100,-0.0733235685393447,0.07338858775950903,-0.08788545652788522,-0.05876168055080418,-9.991140418129124,1.1437569623829237e-16,4.575027849531695e-16
single_shape,cf_accuracy,batchnorm,depth4 GMP: BN - noBN,bn4_w16_gmp,plain4_w16_gmp,100,-0.00571451832423918,0.026837074310994743,-0.011039576102125193,-0.00038946054635316616,-2.129337295868361,0.03570654827773686,0.03570654827773686
single_shape,cf_accuracy,batchnorm,depth4 GAP: BN - noBN,bn4_w16_gap,plain4_w16_gap,100,-0.04870280095812632,0.08139211515564383,-0.06485276241985655,-0.0325528394963961,-5.9837246967956705,3.49322456839444e-08,1.0479673705183321e-07
single_shape,agreement,pooling,tiny: GAP - GMP,tiny_gap,tiny_gmp,100,0.1248209697677521,0.05061130239250062,0.11477858935284552,0.1348633501826587,24.66266700661858,4.626385548762707e-44,3.701108439010166e-43
single_shape,agreement,pooling,plain2_w16: GAP - GMP,plain2_w16_gap,plain2_w16_gmp,100,0.03667155015762546,0.06101058646481094,0.02456572616865479,0.04877737414659612,6.010686387808533,3.092994034530783e-08,6.185988069061566e-08
single_shape,agreement,pooling,plain4_w16: GAP - GMP,plain4_w16_gap,plain4_w16_gmp,100,0.060421551241888666,0.05408669297796574,0.0496895779356757,0.07115352454810163,11.171241559639018,3.109525574100196e-19,2.1766679018701372e-18
single_shape,agreement,pooling,plain2_w64: GAP - GMP,plain2_w64_gap,plain2_w64_gmp,100,0.038852539980434815,0.056693817455581406,0.02760325661588376,0.05010182334498587,6.853047073585242,6.228201852452541e-10,2.4912807409810164e-09
single_shape,agreement,pooling,plain4_w64: GAP - GMP,plain4_w64_gap,plain4_w64_gmp,100,0.03844401185910101,0.049632962523555334,0.028595755299431827,0.0482922684187702,7.745661331591046,8.380140633231771e-12,4.1900703166158856e-11
single_shape,agreement,pooling,res4_w16: GAP - GMP,res4_w16_gap,res4_w16_gmp,100,0.04613118646288058,0.051055620676338856,0.03600064366090483,0.05626172926485633,9.035476574719137,1.387024977469539e-14,8.322149864817234e-14
single_shape,agreement,pooling,bn2_w16: GAP - GMP,bn2_w16_gap,bn2_w16_gmp,100,-0.05800618657784071,0.08628083306743661,-0.07512617573478127,-0.04088619742090015,-6.722951612266353,1.1519384601201697e-09,3.455815380360509e-09
single_shape,agreement,pooling,bn4_w16: GAP - GMP,bn4_w16_gap,bn4_w16_gmp,100,0.018017579370498426,0.06359906913866678,0.005398144261492507,0.030637014479504343,2.8329941954361324,0.005588302514814629,0.005588302514814629
single_shape,agreement,depth,GMP: plain2 - tiny,plain2_w16_gmp,tiny_gmp,100,0.006741538216592744,0.0477839953898162,-0.002739843150107309,0.0162229195832928,1.4108360260786208,0.16142762817631953,0.16142762817631953
single_shape,agreement,depth,GAP: plain2 - tiny,plain2_w16_gap,tiny_gap,100,-0.0814078813935339,0.06038828923102374,-0.09339022811048397,-0.06942553467658383,-13.480739797429399,3.87938764566415e-24,1.55175505826566e-23
single_shape,agreement,depth,GMP: plain4 - plain2,plain4_w16_gmp,plain2_w16_gmp,100,0.011295573215174954,0.036836400126138286,0.003986432258604592,0.018604714171745314,3.0664161472064877,0.0027931946423231007,0.005586389284646201
single_shape,agreement,depth,GAP: plain4 - plain2,plain4_w16_gap,plain2_w16_gap,100,0.03504557429943816,0.07457524494391245,0.020248227780796126,0.049842920818080186,4.699357585187378,8.436375609440464e-06,2.5309126828321392e-05
single_shape,agreement,width,depth2 GMP: w64 - w16,plain2_w64_gmp,plain2_w16_gmp,100,-0.009291991731734015,0.03643400544252379,-0.016521288853058765,-0.002062694610409266,-2.550362393284628,0.012293555711782655,0.02458711142356531
single_shape,agreement,width,depth2 GAP: w64 - w16,plain2_w64_gap,plain2_w16_gap,100,-0.0071110019089246634,0.05899634003652097,-0.018817155707126797,0.00459515188927747,-1.2053293313657565,0.23094933423146816,0.23094933423146816
single_shape,agreement,width,depth4 GMP: w64 - w16,plain4_w64_gmp,plain4_w16_gmp,100,-0.006206054571230198,0.015495711186015178,-0.009280739852448056,-0.0031313692900123394,-4.005014353152851,0.00012004279538654878,0.00036012838615964634
single_shape,agreement,width,depth4 GAP: w64 - w16,plain4_w64_gap,plain4_w16_gap,100,-0.02818359395401785,0.06645039970633287,-0.04136879490771773,-0.014998393000317974,-4.241297882115206,5.003961515394941e-05,0.00020015846061579765
single_shape,agreement,residual,GMP: residual4 - plain4,res4_w16_gmp,plain4_w16_gmp,100,0.003398437256400939,0.019802568434325183,-0.0005308219408328737,0.007327696453634751,1.7161598343526938,0.08926045723508007,0.17852091447016014
single_shape,agreement,residual,GAP: residual4 - plain4,res4_w16_gap,plain4_w16_gap,100,-0.010891927522607148,0.07128639806806664,-0.025036695469026652,0.0032528404238123566,-1.52791104864173,0.1297234375478088,0.17852091447016014
single_shape,agreement,batchnorm,depth2 GMP: BN - noBN,bn2_w16_gmp,plain2_w16_gmp,100,0.03084147271918482,0.06225016283153498,0.01848968988625018,0.04319325555211946,4.954440489199975,2.9948767444715617e-06,5.989753488943123e-06
single_shape,agreement,batchnorm,depth2 GAP: BN - noBN,bn2_w16_gap,plain2_w16_gap,100,-0.06383626401628134,0.07610924928651253,-0.0789379902769628,-0.04873453775559988,-8.387451540347,3.5244216094482704e-13,1.4097686437793081e-12
single_shape,agreement,batchnorm,depth4 GMP: BN - noBN,bn4_w16_gmp,plain4_w16_gmp,100,-0.005730794852570398,0.026818047468772862,-0.01105207729216923,-0.00040951241297156656,-2.1369172603797417,0.03506869621247732,0.03506869621247732
single_shape,agreement,batchnorm,depth4 GAP: BN - noBN,bn4_w16_gap,plain4_w16_gap,100,-0.04813476672396064,0.08159390817865965,-0.06432476829938885,-0.03194476514853243,-5.899308882050826,5.105499711797422e-08,1.5316499135392266e-07
two_concepts,centered_logit_fidelity,pooling,tiny: GAP - GMP,tiny_gap,tiny_gmp,100,-0.06065031573823613,0.06752385811545518,-0.07404851412915635,-0.04725211734731591,-8.982057221098597,1.8125509447401602e-14,7.250203778960641e-14
two_concepts,centered_logit_fidelity,pooling,plain2_w16: GAP - GMP,plain2_w16_gap,plain2_w16_gmp,100,0.11030393309674481,0.10416881204470319,0.08963458082817287,0.13097328536531674,10.588959491004733,5.69961220085943e-18,3.419767320515658e-17
two_concepts,centered_logit_fidelity,pooling,plain4_w16: GAP - GMP,plain4_w16_gap,plain4_w16_gmp,100,0.0444697979606763,0.07452495219952716,0.029682430613629376,0.05925716530772322,5.96710184283197,3.764948974866489e-08,7.529897949732978e-08
two_concepts,centered_logit_fidelity,pooling,plain2_w64: GAP - GMP,plain2_w64_gap,plain2_w64_gmp,100,0.22849561714105732,0.10093386017259302,0.20846814950670609,0.24852308477540855,22.638153019248307,6.285816419695919e-41,5.028653135756735e-40
two_concepts,centered_logit_fidelity,pooling,plain4_w64: GAP - GMP,plain4_w64_gap,plain4_w64_gmp,100,0.05597914156277487,0.05196855401177493,0.04566745298081506,0.06629083014473468,10.771733527565772,2.283539590005756e-18,1.5984777130040292e-17
two_concepts,centered_logit_fidelity,pooling,res4_w16: GAP - GMP,res4_w16_gap,res4_w16_gmp,100,0.061825619252547315,0.08466629636134512,0.04502598920572527,0.07862524929936936,7.302270432225278,7.249817238765711e-11,2.174945171629713e-10
two_concepts,centered_logit_fidelity,pooling,bn2_w16: GAP - GMP,bn2_w16_gap,bn2_w16_gmp,100,-0.1546668495875666,0.29858714172734685,-0.21391301640168037,-0.09542068277345284,-5.179956802319364,1.17014006802297e-06,1.17014006802297e-06
two_concepts,centered_logit_fidelity,pooling,bn4_w16: GAP - GMP,bn4_w16_gap,bn4_w16_gmp,100,0.13132625454197588,0.13680462783791153,0.10418124838083037,0.1584712607031214,9.599547662786195,8.179461683575291e-16,4.089730841787646e-15
two_concepts,centered_logit_fidelity,depth,GMP: plain2 - tiny,plain2_w16_gmp,tiny_gmp,100,-0.16225786309904822,0.06328407401057921,-0.1748147963407723,-0.14970092985732414,-25.63960453492983,1.655340500078004e-45,6.621362000312016e-45
two_concepts,centered_logit_fidelity,depth,GAP: plain2 - tiny,plain2_w16_gap,tiny_gap,100,0.008696385735932718,0.0916981665883761,-0.009498519921472388,0.026891291393337825,0.9483707318784163,0.3452500383960071,0.6905000767920142
two_concepts,centered_logit_fidelity,depth,GMP: plain4 - plain2,plain4_w16_gmp,plain2_w16_gmp,100,-7.979944783182632e-05,0.04097487787949522,-0.008210104175599597,0.008050505279935945,-0.01947521309679359,0.9845012074525802,0.9845012074525802
two_concepts,centered_logit_fidelity,depth,GAP: plain4 - plain2,plain4_w16_gap,plain2_w16_gap,100,-0.06591393458390034,0.1179857235479877,-0.08932486185481092,-0.04250300731298975,-5.586602565274901,2.0394063397152935e-07,6.11821901914588e-07
two_concepts,centered_logit_fidelity,width,depth2 GMP: w64 - w16,plain2_w64_gmp,plain2_w16_gmp,100,0.009476011409681967,0.034372673404449695,0.0026557272856366984,0.016296295533727235,2.756844455530554,0.006949715932716122,0.009545974546079975
two_concepts,centered_logit_fidelity,width,depth2 GAP: w64 - w16,plain2_w64_gap,plain2_w16_gap,100,0.12766769545399448,0.11964193952019402,0.10392813900232989,0.15140725190565907,10.67081459611793,3.783295586240321e-18,1.5133182344961283e-17
two_concepts,centered_logit_fidelity,width,depth4 GMP: w64 - w16,plain4_w64_gmp,plain4_w16_gmp,100,0.011902543234261516,0.022472202172756986,0.007443570785195364,0.01636151568332767,5.2965629014725355,7.137747478824756e-07,2.1413242436474268e-06
two_concepts,centered_logit_fidelity,width,depth4 GAP: w64 - w16,plain4_w64_gap,plain4_w16_gap,100,0.023411886836360085,0.08108832864432938,0.007322203209171204,0.03950157046354896,2.88720796540888,0.0047729872730399876,0.009545974546079975
two_concepts,centered_logit_fidelity,residual,GMP: residual4 - plain4,res4_w16_gmp,plain4_w16_gmp,100,-0.0007126711162762321,0.025147137673691814,-0.005702408801877904,0.00427706656932544,-0.28340049095202097,0.7774616399734823,0.7774616399734823
two_concepts,centered_logit_fidelity,residual,GAP: residual4 - plain4,res4_w16_gap,plain4_w16_gap,100,0.016643150175594777,0.09938529090459033,-0.003077047719528773,0.036363348070718324,1.6746089913418036,0.09716729106380283,0.19433458212760565
two_concepts,centered_logit_fidelity,batchnorm,depth2 GMP: BN - noBN,bn2_w16_gmp,plain2_w16_gmp,100,0.033181006858405214,0.0715735696726777,0.01897925783539736,0.047382755881413066,4.635930135963533,1.0862632113475321e-05,1.0862632113475321e-05
two_concepts,centered_logit_fidelity,batchnorm,depth2 GAP: BN - noBN,bn2_w16_gap,plain2_w16_gap,100,-0.23178977582590618,0.297470570376588,-0.29081439065983683,-0.17276516099197556,-7.79202378011606,6.676356766515814e-12,2.6705427066063255e-11
two_concepts,centered_logit_fidelity,batchnorm,depth4 GMP: BN - noBN,bn4_w16_gmp,plain4_w16_gmp,100,0.02993746431895892,0.0397794014532355,0.022044368050211795,0.03783056058770604,7.525870984799326,2.4514478357338407e-11,4.9028956714676814e-11
two_concepts,centered_logit_fidelity,batchnorm,depth4 GAP: BN - noBN,bn4_w16_gap,plain4_w16_gap,100,0.1167939209002585,0.14999093220901605,0.08703246587292063,0.14655537592759638,7.7867321164124315,6.851923197281917e-12,2.6705427066063255e-11
two_concepts,prob_error_reduction,pooling,tiny: GAP - GMP,tiny_gap,tiny_gmp,100,-0.7371538427260748,0.09841834146733043,-0.7566821768747245,-0.717625508577425,-74.90004726108597,5.5068620763225294e-89,4.4054896610580235e-88
two_concepts,prob_error_reduction,pooling,plain2_w16: GAP - GMP,plain2_w16_gap,plain2_w16_gmp,100,0.3928567535476759,0.11381800668378686,0.3702727917219013,0.4154407153734505,34.516221553512544,5.291720058067163e-57,3.704204040647014e-56
two_concepts,prob_error_reduction,pooling,plain4_w16: GAP - GMP,plain4_w16_gap,plain4_w16_gmp,100,0.1721425890736282,0.10912901907495111,0.15048902411777665,0.19379615402947975,15.774226739397207,9.132108813949617e-29,4.566054406974808e-28
two_concepts,prob_error_reduction,pooling,plain2_w64: GAP - GMP,plain2_w64_gap,plain2_w64_gmp,100,0.3267942491732538,0.12218797337093244,0.3025495043689944,0.35103899397751315,26.745205780702108,4.2710423430802355e-47,2.5626254058481415e-46
two_concepts,prob_error_reduction,pooling,plain4_w64: GAP - GMP,plain4_w64_gap,plain4_w64_gmp,100,0.025106573081575333,0.08428241363270722,0.008383113696511752,0.04183003246663891,2.978862611954471,0.0036389955484746306,0.007277991096949261
two_concepts,prob_error_reduction,pooling,res4_w16: GAP - GMP,res4_w16_gap,res4_w16_gmp,100,0.1422032691165805,0.1244392939862021,0.1175118134594937,0.1668947247736673,11.427521368961486,8.695229361811403e-20,3.4780917447245613e-19
two_concepts,prob_error_reduction,pooling,bn2_w16: GAP - GMP,bn2_w16_gap,bn2_w16_gmp,100,-0.05170271381968632,0.20794336764852842,-0.09296318932550399,-0.010442238313868653,-2.4863843653371847,0.014578497676073594,0.014578497676073594
two_concepts,prob_error_reduction,pooling,bn4_w16: GAP - GMP,bn4_w16_gap,bn4_w16_gmp,100,0.07804880365729332,0.13163345288706615,0.05192987079585645,0.10416773651873018,5.929252932706601,4.463650525326625e-08,1.3390951575979874e-07
two_concepts,prob_error_reduction,depth,GMP: plain2 - tiny,plain2_w16_gmp,tiny_gmp,100,-0.8895957020599963,0.1384789295805625,-0.9170729260111257,-0.8621184781088669,-64.24050971180122,1.6192013529920536e-82,6.476805411968214e-82
two_concepts,prob_error_reduction,depth,GAP: plain2 - tiny,plain2_w16_gap,tiny_gap,100,0.24041489421375445,0.068666054231055,0.2267900593333733,0.2540397290941356,35.01219007062504,1.4327742907447602e-57,4.2983228722342806e-57
two_concepts,prob_error_reduction,depth,GMP: plain4 - plain2,plain4_w16_gmp,plain2_w16_gmp,100,0.0019482421688735486,0.10650750784637938,-0.01918515808512738,0.02308164242287448,0.18292064177143144,0.8552343684052939,0.8552343684052939
two_concepts,prob_error_reduction,depth,GAP: plain4 - plain2,plain4_w16_gap,plain2_w16_gap,100,-0.21876592230517417,0.10834464636142045,-0.24026385069757078,-0.19726799391277755,-20.191668868935707,7.0439566533802696e-37,1.4087913306760539e-36
two_concepts,prob_error_reduction,width,depth2 GMP: w64 - w16,plain2_w64_gmp,plain2_w16_gmp,100,0.056032169070094826,0.10385194704453032,0.035425689691993625,0.07663864844819603,5.395389365792918,4.6747719618527887e-07,1.4024315885558367e-06
two_concepts,prob_error_reduction,width,depth2 GAP: w64 - w16,plain2_w64_gap,plain2_w16_gap,100,-0.01003033530432731,0.10991862057358824,-0.03184057432803824,0.011779903719383622,-0.9125237609411415,0.3637098971706784,0.3637098971706784
two_concepts,prob_error_reduction,width,depth4 GMP: w64 - w16,plain4_w64_gmp,plain4_w16_gmp,100,0.03233803704380989,0.0617158460173397,0.020092274258899645,0.04458379982872014,5.239827229253925,9.084793373384877e-07,1.8169586746769754e-06
two_concepts,prob_error_reduction,width,depth4 GAP: w64 - w16,plain4_w64_gap,plain4_w16_gap,100,-0.11469797894824296,0.11616986696304667,-0.13774860087740456,-0.09164735701908136,-9.873298639889816,2.0673909769441492e-16,8.269563907776597e-16
two_concepts,prob_error_reduction,residual,GMP: residual4 - plain4,res4_w16_gmp,plain4_w16_gmp,100,0.01133305661380291,0.06785621534681918,-0.002131088662362791,0.02479720188996861,1.670157487546077,0.09804710364977204,0.19609420729954408
two_concepts,prob_error_reduction,residual,GAP: residual4 - plain4,res4_w16_gap,plain4_w16_gap,100,-0.01860626334324479,0.13856495307465563,-0.04610055622189561,0.008888029535406024,-1.3427827838414639,0.18241295585146497,0.19609420729954408
two_concepts,prob_error_reduction,batchnorm,depth2 GMP: BN - noBN,bn2_w16_gmp,plain2_w16_gmp,100,0.07079419643152506,0.15629908800043055,0.03978106643872991,0.1018073264243202,4.529405599048028,1.65343705770105e-05,3.3068741154021e-05
two_concepts,prob_error_reduction,batchnorm,depth2 GAP: BN - noBN,bn2_w16_gap,plain2_w16_gap,100,-0.37376527093583717,0.17902048883923735,-0.40928681979944737,-0.33824372207222697,-20.87835159870908,4.794261552364327e-38,1.917704620945731e-37
two_concepts,prob_error_reduction,batchnorm,depth4 GMP: BN - noBN,bn4_w16_gmp,plain4_w16_gmp,100,0.053789996169507505,0.09307063511946594,0.03532276297961166,0.07225722935940335,5.779480939445873,8.71453728558042e-08,2.614361185674126e-07
two_concepts,prob_error_reduction,batchnorm,depth4 GAP: BN - noBN,bn4_w16_gap,plain4_w16_gap,100,-0.040303789246827364,0.1352419999554784,-0.06713873613463833,-0.013468842359016391,-2.980123723406586,0.0036252918639105404,0.0036252918639105404
two_concepts,prob_fidelity,pooling,tiny: GAP - GMP,tiny_gap,tiny_gmp,100,-0.17534034915037597,0.0715651002691222,-0.18954041765997337,-0.16114028064077857,-24.50081792535811,8.107183655208592e-44,6.485746924166874e-43
two_concepts,prob_fidelity,pooling,plain2_w16: GAP - GMP,plain2_w16_gap,plain2_w16_gmp,100,0.1349287874691673,0.07695627410532441,0.11965899310809576,0.15019858183023888,17.533175694615903,4.002768562722794e-32,2.4016611376336766e-31
two_concepts,prob_fidelity,pooling,plain4_w16: GAP - GMP,plain4_w16_gap,plain4_w16_gmp,100,0.07412312447580761,0.05673086217937973,0.06286649063436381,0.08537975831725142,13.065749686904907,2.8452315182385874e-23,1.4226157591192936e-22
two_concepts,prob_fidelity,pooling,plain2_w64: GAP - GMP,plain2_w64_gap,plain2_w64_gmp,100,0.14086047864613904,0.07855559404077962,0.12527334451237346,0.15644761277990463,17.931310986333553,7.343322683400746e-33,5.140325878380523e-32
two_concepts,prob_fidelity,pooling,plain4_w64: GAP - GMP,plain4_w64_gap,plain4_w64_gmp,100,0.0030746043755622045,0.04280514169709991,-0.005418864401482218,0.011568073152606627,0.7182792191926121,0.4742768722186125,0.4742768722186125
two_concepts,prob_fidelity,pooling,res4_w16: GAP - GMP,res4_w16_gap,res4_w16_gmp,100,0.05748107800809085,0.06417198979776496,0.044747963010715264,0.07021419300546644,8.957346996600823,2.051282449215295e-14,8.20512979686118e-14
two_concepts,prob_fidelity,pooling,bn2_w16: GAP - GMP,bn2_w16_gap,bn2_w16_gmp,100,-0.04624620214639353,0.13728588980928505,-0.07348670112371436,-0.019005703169072692,-3.3686056309674566,0.0010775566194731571,0.0021551132389463143
two_concepts,prob_fidelity,pooling,bn4_w16: GAP - GMP,bn4_w16_gap,bn4_w16_gmp,100,0.03618391203328258,0.06772436223762705,0.022745929274554714,0.04962189479201044,5.342820639096268,5.857846451155996e-07,1.7573539353467988e-06
two_concepts,prob_fidelity,depth,GMP: plain2 - tiny,plain2_w16_gmp,tiny_gmp,100,-0.3396160343125205,0.07322523230981624,-0.3541455090358196,-0.32508655958922145,-46.37964586791664,5.791921972995185e-69,2.316768789198074e-68
two_concepts,prob_fidelity,depth,GAP: plain2 - tiny,plain2_w16_gap,tiny_gap,100,-0.02934689769297731,0.06900564807282228,-0.043039115359107365,-0.015654680026847258,-4.252825458867841,4.791092005221572e-05,9.582184010443144e-05
two_concepts,prob_fidelity,depth,GMP: plain4 - plain2,plain4_w16_gmp,plain2_w16_gmp,100,0.012749659650129358,0.0542648304902491,0.0019823399967577853,0.023516979303500933,2.3495253804248697,0.020782776704115123,0.020782776704115123
two_concepts,prob_fidelity,depth,GAP: plain4 - plain2,plain4_w16_gap,plain2_w16_gap,100,-0.04805600334323034,0.07904647645708177,-0.06374053919816217,-0.032371467488298514,-6.079461792243493,2.2653068271171116e-08,6.795920481351334e-08
two_concepts,prob_fidelity,width,depth2 GMP: w64 - w16,plain2_w64_gmp,plain2_w16_gmp,100,0.03617450492999061,0.052859765177021685,0.025685980717878226,0.04666302914210299,6.843485741725501,6.51698947334497e-10,1.955096842003491e-09
two_concepts,prob_fidelity,width,depth2 GAP: w64 - w16,plain2_w64_gap,plain2_w16_gap,100,0.042106196106962354,0.09334513832082428,0.023584495526526514,0.060627896687398194,4.5108076183083785,1.7782430766994368e-05,1.7782430766994368e-05
two_concepts,prob_fidelity,width,depth4 GMP: w64 - w16,plain4_w64_gmp,plain4_w16_gmp,100,0.01742738166192638,0.031205001360173942,0.011235632394612945,0.023619130929239816,5.584804006504052,2.0555115366811088e-07,4.1110230733622176e-07
two_concepts,prob_fidelity,width,depth4 GAP: w64 - w16,plain4_w64_gap,plain4_w16_gap,100,-0.05362113843831902,0.06233857235403893,-0.06599046363857707,-0.04125181323806097,-8.601598723465937,1.213637724776975e-13,4.8545508991079e-13
two_concepts,prob_fidelity,residual,GMP: residual4 - plain4,res4_w16_gmp,plain4_w16_gmp,100,0.006138277047062816,0.034394909337379445,-0.0006864191684878085,0.01296297326261344,1.7846469623898393,0.07738164694322762,0.15476329388645524
two_concepts,prob_fidelity,residual,GAP: residual4 - plain4,res4_w16_gap,plain4_w16_gap,100,-0.010503769420653935,0.07587064726978542,-0.025558151864708133,0.004550613023400261,-1.3844312390408373,0.16933905453207948,0.16933905453207948
two_concepts,prob_fidelity,batchnorm,depth2 GMP: BN - noBN,bn2_w16_gmp,plain2_w16_gmp,100,0.033068555178065305,0.07728325599257745,0.017733880516638833,0.048403229839491774,4.278877067658915,4.3416453489431885e-05,8.683290697886377e-05
two_concepts,prob_fidelity,batchnorm,depth2 GAP: BN - noBN,bn2_w16_gap,plain2_w16_gap,100,-0.14810643443749552,0.1355084819808031,-0.17499425714050074,-0.12121861173449032,-10.929679992908275,1.0371587832600714e-18,4.148635133040286e-18
two_concepts,prob_fidelity,batchnorm,depth4 GMP: BN - noBN,bn4_w16_gmp,plain4_w16_gmp,100,0.02751955127098945,0.047191996017987375,0.018155635423180525,0.03688346711879838,5.831402270101118,6.91648605133317e-08,2.074945815399951e-07
two_concepts,prob_fidelity,batchnorm,depth4 GAP: BN - noBN,bn4_w16_gap,plain4_w16_gap,100,-0.010419661171535588,0.07101046814745783,-0.0245096786353629,0.003670356292291727,-1.4673415685555669,0.14545290460831312,0.14545290460831312
two_concepts,raw_logit_fidelity,pooling,tiny: GAP - GMP,tiny_gap,tiny_gmp,100,-0.0608410329619128,0.06735554654074039,-0.07420583468486329,-0.04747623123896231,-9.032817056144404,1.4056296201130636e-14,5.6225184804522546e-14
two_concepts,raw_logit_fidelity,pooling,plain2_w16: GAP - GMP,plain2_w16_gap,plain2_w16_gmp,100,0.11015089414134988,0.10389518942772982,0.08953583453627154,0.13076595374642822,10.60211687837304,5.3361746347672224e-18,3.201704780860334e-17
two_concepts,raw_logit_fidelity,pooling,plain4_w16: GAP - GMP,plain4_w16_gap,plain4_w16_gmp,100,0.044316661671988195,0.07439023538352879,0.029556025063938042,0.05907729828003835,5.957322415167492,3.9344186026701865e-08,7.868837205340373e-08
two_concepts,raw_logit_fidelity,pooling,plain2_w64: GAP - GMP,plain2_w64_gap,plain2_w64_gmp,100,0.22751387073412144,0.10052508074581087,0.2075675138065783,0.24746022766166456,22.632547921987367,6.41654645780463e-41,5.133237166243704e-40
two_concepts,raw_logit_fidelity,pooling,plain4_w64: GAP - GMP,plain4_w64_gap,plain4_w64_gmp,100,0.055987381554728065,0.05190811140611149,0.045687686097043795,0.06628707701241233,10.785863719198286,2.1277657501142097e-18,1.4894360250799467e-17
two_concepts,raw_logit_fidelity,pooling,res4_w16: GAP - GMP,res4_w16_gap,res4_w16_gmp,100,0.061522016892351206,0.08436507738553975,0.04478215522532242,0.07826187855938,7.2923558892978795,7.605399504207397e-11,2.281619851262219e-10
two_concepts,raw_logit_fidelity,pooling,bn2_w16: GAP - GMP,bn2_w16_gap,bn2_w16_gmp,100,-0.15357279311910293,0.29869527404888485,-0.21284041573175772,-0.09430517050644815,-5.14145373100108,1.3759058504914494e-06,1.3759058504914494e-06
two_concepts,raw_logit_fidelity,pooling,bn4_w16: GAP - GMP,bn4_w16_gap,bn4_w16_gmp,100,0.1321657518982592,0.1379679613364736,0.10478991513229416,0.15954158866422422,9.579452404601087,9.048281765207111e-16,4.524140882603556e-15
two_concepts,raw_logit_fidelity,depth,GMP: plain2 - tiny,plain2_w16_gmp,tiny_gmp,100,-0.1628109646061246,0.06332031462855679,-0.1753750887727014,-0.1502468404395478,-25.712279789067654,1.2969481982477484e-45,5.1877927929909936e-45
two_concepts,raw_logit_fidelity,depth,GAP: plain2 - tiny,plain2_w16_gap,tiny_gap,100,0.00818096249713808,0.09138793517028698,-0.009952386516398314,0.026314311510674475,0.8951906487321493,0.3728565516912031,0.7457131033824062
two_concepts,raw_logit_fidelity,depth,GMP: plain4 - plain2,plain4_w16_gmp,plain2_w16_gmp,100,0.0002817410476507151,0.04106300521777045,-0.007866050055967445,0.008429532151268876,0.06861189193449209,0.9454369426779305,0.9454369426779305
two_concepts,raw_logit_fidelity,depth,GAP: plain4 - plain2,plain4_w16_gap,plain2_w16_gap,100,-0.06555249142171095,0.11768873689611094,-0.08890449009771667,-0.04220049274570523,-5.569988526563679,2.1930103047145133e-07,6.57903091414354e-07
two_concepts,raw_logit_fidelity,width,depth2 GMP: w64 - w16,plain2_w64_gmp,plain2_w16_gmp,100,0.00968391792398152,0.034342933550305786,0.0028695348322092563,0.016498301015753784,2.8197701602271232,0.005805645027919049,0.008843791603702756
two_concepts,raw_logit_fidelity,width,depth2 GAP: w64 - w16,plain2_w64_gap,plain2_w16_gap,100,0.1270468945167531,0.11926977020211152,0.10338118453206849,0.15071260450143772,10.652061649943878,4.155603936518957e-18,1.6622415746075828e-17
two_concepts,raw_logit_fidelity,width,depth4 GMP: w64 - w16,plain4_w64_gmp,plain4_w16_gmp,100,0.01190595714085578,0.022473879358837445,0.007446651901684446,0.016365262380027112,5.297686683618321,7.103634219700644e-07,2.131090265910193e-06
two_concepts,raw_logit_fidelity,width,depth4 GAP: w64 - w16,plain4_w64_gap,plain4_w16_gap,100,0.02357667702359565,0.08092987120183302,0.0075184347907574015,0.0396349192564339,2.913223099638598,0.004421895801851378,0.008843791603702756
two_concepts,raw_logit_fidelity,residual,GMP: residual4 - plain4,res4_w16_gmp,plain4_w16_gmp,100,-0.0004961033746493692,0.025349108873259335,-0.005525916528042453,0.004533709778743715,-0.195708408184994,0.8452395375218537,0.8452395375218537
two_concepts,raw_logit_fidelity,residual,GAP: residual4 - plain4,res4_w16_gap,plain4_w16_gap,100,0.016709251845713643,0.09927260338201223,-0.002988586400156732,0.03640709009158402,1.6831684952810746,0.09549356784990679,0.19098713569981357
two_concepts,raw_logit_fidelity,batchnorm,depth2 GMP: BN - noBN,bn2_w16_gmp,plain2_w16_gmp,100,0.034241122491187125,0.07191423168110497,0.01997177873499098,0.04851046624738327,4.761383343845662,6.576506711618063e-06,6.576506711618063e-06
two_concepts,raw_logit_fidelity,batchnorm,depth2 GAP: BN - noBN,bn2_w16_gap,plain2_w16_gap,100,-0.2294825647692657,0.2975859033693127,-0.2885300641711205,-0.17043506536741093,-7.711472961959198,9.907446683990733e-12,2.97223400519722e-11
two_concepts,raw_logit_fidelity,batchnorm,depth4 GMP: BN - noBN,bn4_w16_gmp,plain4_w16_gmp,100,0.029894290708263598,0.040285410183683985,0.021900791329455813,0.03788779008707138,7.420624631090662,4.088081174463923e-11,8.176162348927845e-11
two_concepts,raw_logit_fidelity,batchnorm,depth4 GAP: BN - noBN,bn4_w16_gap,plain4_w16_gap,100,0.11774338093453456,0.15051592555820856,0.08787775583690288,0.14760900603216623,7.82265268594452,5.744585784032686e-12,2.2978343136130743e-11
two_concepts,centered_logit_error_reduction,pooling,tiny: GAP - GMP,tiny_gap,tiny_gmp,100,-52.59478416174184,7.966335363319176,-54.17547792873387,-51.014090394749815,-66.02130309993403,1.14873089452936e-83,9.18984715623488e-83
two_concepts,centered_logit_error_reduction,pooling,plain2_w16: GAP - GMP,plain2_w16_gap,plain2_w16_gmp,100,35.36519643843174,28.35140453463164,29.739662690541728,40.99073018632175,12.473878109013137,5.028141977731382e-22,1.0056283955462763e-21
two_concepts,centered_logit_error_reduction,pooling,plain4_w16: GAP - GMP,plain4_w16_gap,plain4_w16_gmp,100,223.89383890867234,147.66434413441988,194.59402943103171,253.19364838631296,15.16234946364982,1.4738158061771962e-27,5.895263224708785e-27
two_concepts,centered_logit_error_reduction,pooling,plain2_w64: GAP - GMP,plain2_w64_gap,plain2_w64_gmp,100,33.357689934968946,23.86806014864564,28.621748980126256,38.093630889811635,13.975869730184913,3.689011266393544e-25,1.1067033799180631e-24
two_concepts,centered_logit_error_reduction,pooling,plain4_w64: GAP - GMP,plain4_w64_gap,plain4_w64_gmp,100,238.8254536816478,129.56552793058472,213.11684199553682,264.5340653677587,18.4327928497771,8.925393570500567e-34,5.3552361423003406e-33
two_concepts,centered_logit_error_reduction,pooling,res4_w16: GAP - GMP,res4_w16_gap,res4_w16_gmp,100,230.62402032136916,114.01643407216048,208.00068619682756,253.24735444591076,20.227261288965433,6.119595207584558e-37,4.2837166453091904e-36
two_concepts,centered_logit_error_reduction,pooling,bn2_w16: GAP - GMP,bn2_w16_gap,bn2_w16_gmp,100,-68.73843404382467,44.33518976647449,-77.5354975524686,-59.94137053518074,-15.504260702590583,3.097458871849212e-28,1.5487294359246061e-27
two_concepts,centered_logit_error_reduction,pooling,bn4_w16: GAP - GMP,bn4_w16_gap,bn4_w16_gmp,100,17.5115163064003,26.800464041597127,12.193722800228375,22.829309812572223,6.53403473880922,2.7935648486946514e-09,2.7935648486946514e-09
two_concepts,centered_logit_error_reduction,depth,GMP: plain2 - tiny,plain2_w16_gmp,tiny_gmp,100,21.86296033155173,13.352072010021647,19.213619569442983,24.512301093660476,16.374207924539405,6.2509741720662205e-30,1.8752922516198662e-29
two_concepts,centered_logit_error_reduction,depth,GAP: plain2 - tiny,plain2_w16_gap,tiny_gap,100,109.82294093172531,26.329835939644322,104.59853025133216,115.04735161211846,41.71045394413835,1.2727072947192339e-64,5.0908291788769355e-64
two_concepts,centered_logit_error_reduction,depth,GMP: plain4 - plain2,plain4_w16_gmp,plain2_w16_gmp,100,-19.28355134010315,36.059486324269535,-26.43853574311457,-12.128566937091728,-5.347705501596265,5.736585120447148e-07,5.736585120447148e-07
two_concepts,centered_logit_error_reduction,depth,GAP: plain4 - plain2,plain4_w16_gap,plain2_w16_gap,100,169.24509113013744,144.80916202005244,140.51181172761625,197.97837053265863,11.687457393524674,2.3982635715654972e-20,4.7965271431309944e-20
two_concepts,centered_logit_error_reduction,width,depth2 GMP: w64 - w16,plain2_w64_gmp,plain2_w16_gmp,100,-4.2300335836410525,13.199309415842581,-6.849062932855959,-1.6110042344261464,-3.204738558946061,0.0018197660855467028,0.005459298256640108
two_concepts,centered_logit_error_reduction,width,depth2 GAP: w64 - w16,plain2_w64_gap,plain2_w16_gap,100,-6.237540087103843,23.51918844295168,-10.90425732670985,-1.570822847497836,-2.6521068540411874,0.009317088957277715,0.01863417791455543
two_concepts,centered_logit_error_reduction,width,depth4 GMP: w64 - w16,plain4_w64_gmp,plain4_w16_gmp,100,-26.206593313217162,37.12035786293031,-33.57207764527521,-18.841108981159113,-7.059897808632924,2.325054722158121e-10,9.300218888632484e-10
two_concepts,centered_logit_error_reduction,width,depth4 GAP: w64 - w16,plain4_w64_gap,plain4_w16_gap,100,-11.274978540241719,188.08804138934997,-48.595726551785305,26.045769471301867,-0.5994521744687664,0.5502408385096769,0.5502408385096769
two_concepts,centered_logit_error_reduction,residual,GMP: residual4 - plain4,res4_w16_gmp,plain4_w16_gmp,100,-17.723418855667113,33.90794177014979,-24.45149014104075,-10.995347570293477,-5.226922641252613,9.595379320823414e-07,1.9190758641646828e-06
two_concepts,centered_logit_error_reduction,residual,GAP: residual4 - plain4,res4_w16_gap,plain4_w16_gap,100,-10.993237442970276,160.78821325846258,-42.89710727924361,20.91063239330306,-0.6837091612740888,0.4957560118732313,0.4957560118732313
two_concepts,centered_logit_error_reduction,batchnorm,depth2 GMP: BN - noBN,bn2_w16_gmp,plain2_w16_gmp,100,-33.014811375439166,22.075725307235132,-37.395114212757285,-28.634508538121047,-14.955255565088429,3.8176947626667e-27,7.6353895253334e-27
two_concepts,centered_logit_error_reduction,batchnorm,depth2 GAP: BN - noBN,bn2_w16_gap,plain2_w16_gap,100,-137.1184418576956,46.27571954164386,-146.30054857383445,-127.93633514155673,-29.63075306355889,5.132281025333128e-51,2.0529124101332513e-50
two_concepts,centered_logit_error_reduction,batchnorm,depth4 GMP: BN - noBN,bn4_w16_gmp,plain4_w16_gmp,100,-49.39472258090973,35.231275952656986,-56.38537207803782,-42.40407308378164,-14.020134453059626,2.993217961171975e-25,2.993217961171975e-25
two_concepts,centered_logit_error_reduction,batchnorm,depth4 GAP: BN - noBN,bn4_w16_gap,plain4_w16_gap,100,-255.77704518318177,150.0392374617064,-285.54808502064355,-226.00600534572,-17.04734371557055,3.257453973163536e-31,9.772361919490608e-31
two_concepts,raw_logit_error_reduction,pooling,tiny: GAP - GMP,tiny_gap,tiny_gmp,100,-53.25508021043381,8.040166255346595,-54.85042362817699,-51.65973679269063,-66.23629228440389,8.384976079619115e-84,6.707980863695292e-83
two_concepts,raw_logit_error_reduction,pooling,plain2_w16: GAP - GMP,plain2_w16_gap,plain2_w16_gmp,100,35.12232734620571,28.511191090493966,29.46508847903793,40.779566213373485,12.318786414333982,1.073048973209097e-21,2.146097946418194e-21
two_concepts,raw_logit_error_reduction,pooling,plain4_w16: GAP - GMP,plain4_w16_gap,plain4_w16_gmp,100,227.48317763090134,151.00523345223775,197.5204632314819,257.4458920303208,15.064588983457528,2.308280674460358e-27,9.233122697841432e-27
two_concepts,raw_logit_error_reduction,pooling,plain2_w64: GAP - GMP,plain2_w64_gap,plain2_w64_gmp,100,33.39484043836594,24.083642769731075,28.616123214400734,38.17355766233114,13.866191571458373,6.197818824174092e-25,1.8593456472522277e-24
two_concepts,raw_logit_error_reduction,pooling,plain4_w64: GAP - GMP,plain4_w64_gap,plain4_w64_gmp,100,242.10019525945188,132.97710227279018,215.71465320920078,268.485737309703,18.206156633102577,2.3044251065409734e-33,1.3826550639245842e-32
two_concepts,raw_logit_error_reduction,pooling,res4_w16: GAP - GMP,res4_w16_gap,res4_w16_gmp,100,234.41099572896957,115.85475106599445,211.4228996302725,257.39909182766667,20.233179353640992,5.978205168987182e-37,4.1847436182910276e-36
two_concepts,raw_logit_error_reduction,pooling,bn2_w16: GAP - GMP,bn2_w16_gap,bn2_w16_gmp,100,-70.77986570060253,44.69755943842245,-79.64883121382846,-61.9109001873766,-15.835286442901282,6.936632774019107e-29,3.4683163870095536e-28
two_concepts,raw_logit_error_reduction,pooling,bn4_w16: GAP - GMP,bn4_w16_gap,bn4_w16_gmp,100,17.046462609767914,27.951285044691467,11.500321249337842,22.592603970197985,6.098632883072184,2.076409961454918e-08,2.076409961454918e-08
two_concepts,raw_logit_error_reduction,depth,GMP: plain2 - tiny,plain2_w16_gmp,tiny_gmp,100,22.178711005561055,13.55567042848633,19.488971900128927,24.868450110993184,16.361205535768992,6.621820516881563e-30,1.986546155064469e-29
two_concepts,raw_logit_error_reduction,depth,GAP: plain2 - tiny,plain2_w16_gap,tiny_gap,100,110.55611856220057,26.50214168426304,105.2975186838746,115.81471844052653,41.715918614927915,1.2571761809186036e-64,5.028704723674414e-64
two_concepts,raw_logit_error_reduction,depth,GMP: plain4 - plain2,plain4_w16_gmp,plain2_w16_gmp,100,-17.37321529388428,38.09239792208893,-24.931573462242685,-9.814857125525872,-4.5608090436884625,1.4616845797814968e-05,1.4616845797814968e-05
two_concepts,raw_logit_error_reduction,depth,GAP: plain4 - plain2,plain4_w16_gap,plain2_w16_gap,100,174.98763499081136,148.2174913852156,145.5780690979955,204.39720088362722,11.806139299444789,1.3341236004408946e-20,2.668247200881789e-20
two_concepts,raw_logit_error_reduction,width,depth2 GMP: w64 - w16,plain2_w64_gmp,plain2_w16_gmp,100,-4.467924475669861,13.511666032567511,-7.148932154269346,-1.786916797070376,-3.3067161850364784,0.0013160937689574996,0.003948281306872499
two_concepts,raw_logit_error_reduction,width,depth2 GAP: w64 - w16,plain2_w64_gap,plain2_w16_gap,100,-6.195411383509636,23.67729245088484,-10.893499888381115,-1.4973228786381556,-2.616604663037859,0.010272118777961813,0.020544237555923626
two_concepts,raw_logit_error_reduction,width,depth4 GMP: w64 - w16,plain4_w64_gmp,plain4_w16_gmp,100,-28.293266439437865,38.60440146636756,-35.95321721897927,-20.63331565989646,-7.3290260604317785,6.370475571641078e-11,2.5481902286564314e-10
two_concepts,raw_logit_error_reduction,width,depth4 GAP: w64 - w16,plain4_w64_gap,plain4_w16_gap,100,-13.676248810887337,193.76968517606815,-52.124358213879106,24.77186059210443,-0.7057991965286242,0.48197057675883004,0.48197057675883004
two_concepts,raw_logit_error_reduction,residual,GMP: residual4 - plain4,res4_w16_gmp,plain4_w16_gmp,100,-18.544058866500855,36.509592383521394,-25.788354076790206,-11.299763656211505,-5.07922922603505,1.7852878110131367e-06,3.5705756220262733e-06
two_concepts,raw_logit_error_reduction,residual,GAP: residual4 - plain4,res4_w16_gap,plain4_w16_gap,100,-11.616240768432617,164.3811520964005,-44.233027619530915,21.00054608266568,-0.706665005098658,0.4814346064454163,0.4814346064454163
two_concepts,raw_logit_error_reduction,batchnorm,depth2 GMP: BN - noBN,bn2_w16_gmp,plain2_w16_gmp,100,-31.927775085568427,22.986487950884356,-36.48879299052659,-27.36675718061026,-13.889801327540368,5.542219298335218e-25,1.1084438596670435e-24
two_concepts,raw_logit_error_reduction,batchnorm,depth2 GAP: BN - noBN,bn2_w16_gap,plain2_w16_gap,100,-137.82996813237668,46.37496150778915,-147.03176660766897,-128.62816965708438,-29.720772514113396,3.916853265250672e-51,1.5667413061002689e-50
two_concepts,raw_logit_error_reduction,batchnorm,depth4 GMP: BN - noBN,bn4_w16_gmp,plain4_w16_gmp,100,-51.63901279211044,37.814078277670056,-59.14214630482731,-44.13587927939358,-13.65602842754051,1.6813204808289524e-24,1.6813204808289524e-24
two_concepts,raw_logit_error_reduction,batchnorm,depth4 GAP: BN - noBN,bn4_w16_gap,plain4_w16_gap,100,-262.0757278132439,153.68699907770593,-292.5705626940869,-231.58089293240084,-17.05256328680966,3.184394557532035e-31,9.553183672596106e-31
two_concepts,cf_accuracy,pooling,tiny: GAP - GMP,tiny_gap,tiny_gmp,100,0.05802734375,0.06630061360024442,0.044871863609381404,0.0711828238906186,8.752157875924405,5.724346208489524e-14,2.2897384833958096e-13
two_concepts,cf_accuracy,pooling,plain2_w16: GAP - GMP,plain2_w16_gap,plain2_w16_gmp,100,0.17305908203125,0.06727825748573522,0.15970961613361084,0.18640854792888917,25.722884108278684,1.2516402184162804e-45,1.0013121747330243e-44
two_concepts,cf_accuracy,pooling,plain4_w16: GAP - GMP,plain4_w16_gap,plain4_w16_gmp,100,0.07707275390625,0.05308289896772477,0.06653995510913914,0.08760555270336086,14.519318915327409,2.879425982519341e-26,2.0155981877635387e-25
two_concepts,cf_accuracy,pooling,plain2_w64: GAP - GMP,plain2_w64_gap,plain2_w64_gmp,100,0.10849853515625,0.07474468243209595,0.09366756856397918,0.12332950174852084,14.5158868331294,2.9258607320280777e-26,2.0155981877635387e-25
two_concepts,cf_accuracy,pooling,plain4_w64: GAP - GMP,plain4_w64_gap,plain4_w64_gmp,100,0.01549072265625,0.041014749757089713,0.007352506482940772,0.02362893882955923,3.7768663098017097,0.00027115838110892526,0.00043598579964211235
two_concepts,cf_accuracy,pooling,res4_w16: GAP - GMP,res4_w16_gap,res4_w16_gmp,100,0.06186279296875,0.058761489082130795,0.05020323869502759,0.0735223472424724,10.52777830090121,7.74356849930231e-18,3.871784249651155e-17
two_concepts,cf_accuracy,pooling,bn2_w16: GAP - GMP,bn2_w16_gap,bn2_w16_gmp,100,-0.0439306640625,0.1111536699366317,-0.06598596367443062,-0.021875364450569385,-3.9522459391169638,0.00014532859988070413,0.00043598579964211235
two_concepts,cf_accuracy,pooling,bn4_w16: GAP - GMP,bn4_w16_gap,bn4_w16_gmp,100,0.02808837890625,0.07256408074886901,0.01369009099643085,0.04248666681606915,3.8708378327644954,0.00019456149437240512,0.00043598579964211235
two_concepts,cf_accuracy,depth,GMP: plain2 - tiny,plain2_w16_gmp,tiny_gmp,100,-0.2547119140625,0.07204635809720239,-0.2690074745661534,-0.24041635355884655,-35.353891687190035,5.877866652257524e-58,2.3511466609030097e-57
two_concepts,cf_accuracy,depth,GAP: plain2 - tiny,plain2_w16_gap,tiny_gap,100,-0.13968017578125,0.06264786284895543,-0.15211087092580583,-0.12724948063669417,-22.296079934605295,2.2218168616084968e-40,6.66545058482549e-40
two_concepts,cf_accuracy,depth,GMP: plain4 - plain2,plain4_w16_gmp,plain2_w16_gmp,100,-0.0107568359375,0.05653538796098887,-0.021974683453170878,0.0004610115781708765,-1.9026730558429248,0.059989042784707576,0.059989042784707576
two_concepts,cf_accuracy,depth,GAP: plain4 - plain2,plain4_w16_gap,plain2_w16_gap,100,-0.1067431640625,0.06340706274584862,-0.11932450093756165,-0.09416182718743836,-16.83458583949131,8.236013114853222e-31,1.6472026229706445e-30
two_concepts,cf_accuracy,width,depth2 GMP: w64 - w16,plain2_w64_gmp,plain2_w16_gmp,100,0.03141845703125,0.05450493414986247,0.020603495602724148,0.04223341845977585,5.764332628100107,9.320723199826904e-08,2.7962169599480713e-07
two_concepts,cf_accuracy,width,depth2 GAP: w64 - w16,plain2_w64_gap,plain2_w16_gap,100,-0.03314208984375,0.0708709645310611,-0.047204426763531114,-0.019079752923968886,-4.676398869839649,9.246760885289607e-06,1.3399739879806364e-05
two_concepts,cf_accuracy,width,depth4 GMP: w64 - w16,plain4_w64_gmp,plain4_w16_gmp,100,0.014814453125,0.0311439309293555,0.00863482155609363,0.02099408469390637,4.756770479167825,6.699869939903182e-06,1.3399739879806364e-05
two_concepts,cf_accuracy,width,depth4 GAP: w64 - w16,plain4_w64_gap,plain4_w16_gap,100,-0.046767578125,0.05653333791718592,-0.057985018867504345,-0.035550137382495656,-8.272566214559715,6.234484816098388e-13,2.493793926439355e-12
two_concepts,cf_accuracy,residual,GMP: residual4 - plain4,res4_w16_gmp,plain4_w16_gmp,100,0.0053857421875,0.035083268061394356,-0.0015755393329469026,0.012347023707946901,1.535131270574668,0.12794139031610385,0.2558827806322077
two_concepts,cf_accuracy,residual,GAP: residual4 - plain4,res4_w16_gap,plain4_w16_gap,100,-0.00982421875,0.06500003805804083,-0.022721636486852687,0.0030731989868526873,-1.5114173842833152,0.13386766863917854,0.2558827806322077
two_concepts,cf_accuracy,batchnorm,depth2 GMP: BN - noBN,bn2_w16_gmp,plain2_w16_gmp,100,-0.01615966796875,0.08194089297559917,-0.032418518855781224,9.918291828122511e-05,-1.9721127488276358,0.05138677517105804,0.05138677517105804
two_concepts,cf_accuracy,batchnorm,depth2 GAP: BN - noBN,bn2_w16_gap,plain2_w16_gap,100,-0.2331494140625,0.10103691695304622,-0.25319733039792636,-0.21310149772707368,-23.07566591435574,1.2740402012055347e-41,5.096160804822139e-41
two_concepts,cf_accuracy,batchnorm,depth4 GMP: BN - noBN,bn4_w16_gmp,plain4_w16_gmp,100,0.01805908203125,0.049851127697675336,0.008167536767907343,0.027950627294592655,3.6226025097707337,0.00046228310972054647,0.0009245662194410929
two_concepts,cf_accuracy,batchnorm,depth4 GAP: BN - noBN,bn4_w16_gap,plain4_w16_gap,100,-0.03092529296875,0.07211653288322524,-0.045234777672403484,-0.01661580826509652,-4.288239011548962,4.1902739435985986e-05,0.00012570821830795796
two_concepts,agreement,pooling,tiny: GAP - GMP,tiny_gap,tiny_gmp,100,0.05440673828125,0.06636087858837232,0.04123930025952835,0.06757417630297165,8.19861632916703,8.994341395420524e-13,3.5977365581682094e-12
two_concepts,agreement,pooling,plain2_w16: GAP - GMP,plain2_w16_gap,plain2_w16_gmp,100,0.17697021484375,0.06814804686142709,0.16344816386375507,0.19049226582374493,25.968494035288053,5.509532274947048e-46,4.4076258199576385e-45
two_concepts,agreement,pooling,plain4_w16: GAP - GMP,plain4_w16_gap,plain4_w16_gmp,100,0.07688232421875,0.05327852175096279,0.06631070961737741,0.0874539388201226,14.43026602316733,4.362910352188535e-26,2.617746211313121e-25
two_concepts,agreement,pooling,plain2_w64: GAP - GMP,plain2_w64_gap,plain2_w64_gmp,100,0.1085693359375,0.0747795958899918,0.09373144175772963,0.12340723011727037,14.51857751374001,2.8893937103739944e-26,2.022575597261796e-25
two_concepts,agreement,pooling,plain4_w64: GAP - GMP,plain4_w64_gap,plain4_w64_gmp,100,0.01519775390625,0.04107881882415535,0.007046825040046374,0.023348682772453624,3.6996569865619766,0.0003547842505657194,0.0006124719488731479
two_concepts,agreement,pooling,res4_w16: GAP - GMP,res4_w16_gap,res4_w16_gmp,100,0.061318359375,0.05878959544659791,0.04965322818879528,0.07298349056120472,10.430138004725531,1.2631862366504701e-17,6.31593118325235e-17
two_concepts,agreement,pooling,bn2_w16: GAP - GMP,bn2_w16_gap,bn2_w16_gmp,100,-0.0412646484375,0.10898050490772014,-0.06288874496053451,-0.0196405519144655,-3.7864247805092366,0.00026221808748393014,0.0006124719488731479
two_concepts,agreement,pooling,bn4_w16: GAP - GMP,bn4_w16_gap,bn4_w16_gmp,100,0.02794189453125,0.07243899461549073,0.01356842642405661,0.04231536263844339,3.8573001571276304,0.0002041573162910493,0.0006124719488731479
two_concepts,agreement,depth,GMP: plain2 - tiny,plain2_w16_gmp,tiny_gmp,100,-0.2551416015625,0.07192390681140992,-0.2694128650744521,-0.24087033805054786,-35.47382405567889,4.3068550389001e-58,1.72274201556004e-57
two_concepts,agreement,depth,GAP: plain2 - tiny,plain2_w16_gap,tiny_gap,100,-0.132578125,0.06391478672437677,-0.14526020532755388,-0.1198960446724461,-20.742950386695938,8.108251456827213e-38,2.432475437048164e-37
two_concepts,agreement,depth,GMP: plain4 - plain2,plain4_w16_gmp,plain2_w16_gmp,100,-0.01062744140625,0.056760001985324354,-0.021889857217385927,0.0006349744048859286,-1.8723469053080353,0.06410992951768822,0.06410992951768822
two_concepts,agreement,depth,GAP: plain4 - plain2,plain4_w16_gap,plain2_w16_gap,100,-0.11071533203125,0.06390275245123433,-0.12339502449792697,-0.09803563956457303,-17.325596751992713,9.767870196468154e-32,1.9535740392936309e-31
two_concepts,agreement,width,depth2 GMP: w64 - w16,plain2_w64_gmp,plain2_w16_gmp,100,0.03151123046875,0.05472286402054045,0.020653027025858518,0.04236943391164148,5.758329910679041,9.572230386899921e-08,2.8716691160699764e-07
two_concepts,agreement,width,depth2 GAP: w64 - w16,plain2_w64_gap,plain2_w16_gap,100,-0.0368896484375,0.07187051989464731,-0.0511503188269288,-0.022628978048071194,-5.132792762815039,1.426843685486806e-06,2.853687370973612e-06
two_concepts,agreement,width,depth4 GMP: w64 - w16,plain4_w64_gmp,plain4_w16_gmp,100,0.0147119140625,0.031177564343061265,0.00852560889463216,0.02089821923036784,4.718750284858033,7.805918849620111e-06,7.805918849620111e-06
two_concepts,agreement,width,depth4 GAP: w64 - w16,plain4_w64_gap,plain4_w16_gap,100,-0.04697265625,0.057064172203186325,-0.058295426031380874,-0.03564988646861913,-8.23154957593114,7.64033687344393e-13,3.056134749377572e-12
two_concepts,agreement,residual,GMP: residual4 - plain4,res4_w16_gmp,plain4_w16_gmp,100,0.00531494140625,0.03523218544661989,-0.0016758885542119458,0.012305771366711946,1.508547181753071,0.13459934873042168,0.2408385834174794
two_concepts,agreement,residual,GAP: residual4 - plain4,res4_w16_gap,plain4_w16_gap,100,-0.0102490234375,0.06542567523333064,-0.023230896824196226,0.0027328499491962276,-1.5665139719152197,0.1204192917087397,0.2408385834174794
two_concepts,agreement,batchnorm,depth2 GMP: BN - noBN,bn2_w16_gmp,plain2_w16_gmp,100,-0.01666259765625,0.08182384828102968,-0.032898224336575424,-0.00042697097592457947,-2.036398679150503,0.04438059101442917,0.04438059101442917
two_concepts,agreement,batchnorm,depth2 GAP: BN - noBN,bn2_w16_gap,plain2_w16_gap,100,-0.2348974609375,0.10108291525274116,-0.25495450433352623,-0.21484041754147376,-23.238097194780902,7.081664718245772e-42,2.832665887298309e-41
two_concepts,agreement,batchnorm,depth4 GMP: BN - noBN,bn4_w16_gmp,plain4_w16_gmp,100,0.01799560546875,0.04980203151137432,0.008113801953919014,0.027877408983580983,3.6134279913139626,0.0004769673370540641,0.0009539346741081282
two_concepts,agreement,batchnorm,depth4 GAP: BN - noBN,bn4_w16_gap,plain4_w16_gap,100,-0.03094482421875,0.07209111814780055,-0.0452492660875185,-0.016640382349981497,-4.292460016406904,4.123699856162775e-05,0.00012371099568488325
