task,architecture,anchor_family,set_family,metric,curve,n,mean,ci_low,ci_high
single_shape,plain2_w16_gap,pixel_permuted_template,energy,centered_logit_fidelity,observed,100,0.008983450535147547,0.0023420827411108516,0.015255246033324217
single_shape,plain2_w16_gap,pixel_permuted_template,random,centered_logit_fidelity,observed,100,0.0019005254456172572,-0.0001626752065346034,0.003933849232870247
single_shape,plain2_w16_gap,pixel_permuted_template,selected,centered_logit_fidelity,observed,100,0.01921445320014637,0.010075909933791868,0.028361791666252953
single_shape,plain2_w16_gap,structured_template,energy,centered_logit_fidelity,observed,100,0.025466617051709616,0.014553305796400877,0.0365598746102174
single_shape,plain2_w16_gap,structured_template,random,centered_logit_fidelity,observed,100,0.0023658328501175363,-0.0024858487549138854,0.007193464436874824
single_shape,plain2_w16_gap,structured_template,selected,centered_logit_fidelity,observed,100,0.03754839628394899,0.018121736400762728,0.05633135760671615
single_shape,plain2_w16_gmp,pixel_permuted_template,energy,centered_logit_fidelity,observed,100,0.003136123935568348,0.000881129325336779,0.005395816498165484
single_shape,plain2_w16_gmp,pixel_permuted_template,random,centered_logit_fidelity,observed,100,0.002321691997995614,0.0015370884336189884,0.0031201507693888533
single_shape,plain2_w16_gmp,pixel_permuted_template,selected,centered_logit_fidelity,observed,100,0.010706687442194027,0.006687397839143055,0.014587251486538652
single_shape,plain2_w16_gmp,structured_template,energy,centered_logit_fidelity,observed,100,0.04272139617845729,0.040221761512618054,0.04526838167480936
single_shape,plain2_w16_gmp,structured_template,random,centered_logit_fidelity,observed,100,0.008929480688267249,0.00805988144158263,0.009813698037381451
single_shape,plain2_w16_gmp,structured_template,selected,centered_logit_fidelity,observed,100,0.05186021637392528,0.048456019657595245,0.05524966846646024
single_shape,tiny_gap,pixel_permuted_template,energy,centered_logit_fidelity,observed,100,-0.0011718547728964109,-0.004397974721973022,0.0021531752140490548
single_shape,tiny_gap,pixel_permuted_template,random,centered_logit_fidelity,observed,100,-0.026480815055291686,-0.028043767137559506,-0.02489898490843224
single_shape,tiny_gap,pixel_permuted_template,selected,centered_logit_fidelity,observed,100,-0.034684462779071515,-0.03952477973355096,-0.029864590433598962
single_shape,tiny_gap,structured_template,energy,centered_logit_fidelity,observed,100,-0.011473830387843144,-0.01541932418643647,-0.00762479071459991
single_shape,tiny_gap,structured_template,random,centered_logit_fidelity,observed,100,-0.035276182174468734,-0.03748195202854398,-0.03309194890790907
single_shape,tiny_gap,structured_template,selected,centered_logit_fidelity,observed,100,-0.018431174672208436,-0.022474130915237804,-0.01433492641577825
single_shape,tiny_gmp,pixel_permuted_template,energy,centered_logit_fidelity,observed,100,0.007284147172939303,0.0047156046984818,0.009852822336309295
single_shape,tiny_gmp,pixel_permuted_template,random,centered_logit_fidelity,observed,100,0.009684233247478656,0.008834945515481472,0.010536057490740021
single_shape,tiny_gmp,pixel_permuted_template,selected,centered_logit_fidelity,observed,100,0.01488552743643869,0.01126023318607724,0.018528995802081203
single_shape,tiny_gmp,structured_template,energy,centered_logit_fidelity,observed,100,0.00664301079291646,0.003820047849766523,0.009450838455912408
single_shape,tiny_gmp,structured_template,random,centered_logit_fidelity,observed,100,0.015914332134075858,0.014669236923520956,0.017171254009871552
single_shape,tiny_gmp,structured_template,selected,centered_logit_fidelity,observed,100,0.06123463862763805,0.056438460745149785,0.06618568290632075
two_concepts,plain2_w16_gap,pixel_permuted_template,energy,centered_logit_fidelity,observed,100,-0.007000524317995486,-0.015340954765065577,0.0012344879481699256
two_concepts,plain2_w16_gap,pixel_permuted_template,random,centered_logit_fidelity,observed,100,0.004550562121335364,0.002040236947481275,0.007088782874360817
two_concepts,plain2_w16_gap,pixel_permuted_template,selected,centered_logit_fidelity,observed,100,0.0035349313011351596,-0.007819183324148625,0.014597104529066264
two_concepts,plain2_w16_gap,structured_template,energy,centered_logit_fidelity,observed,100,0.04925059169597842,0.03912818231161882,0.05947645512739163
two_concepts,plain2_w16_gap,structured_template,random,centered_logit_fidelity,observed,100,0.015049225146893656,0.011365639413396467,0.01882233485012052
two_concepts,plain2_w16_gap,structured_template,selected,centered_logit_fidelity,observed,100,0.09462826606538717,0.0743326925150875,0.11350200727541439
two_concepts,plain2_w16_gmp,pixel_permuted_template,energy,centered_logit_fidelity,observed,100,0.006101298928509698,0.00337051600364878,0.00877306700641642
two_concepts,plain2_w16_gmp,pixel_permuted_template,random,centered_logit_fidelity,observed,100,0.008264522470182386,0.007406232397982504,0.009129221966550182
two_concepts,plain2_w16_gmp,pixel_permuted_template,selected,centered_logit_fidelity,observed,100,0.02041126450672738,0.015763592507783714,0.024893165357418458
two_concepts,plain2_w16_gmp,structured_template,energy,centered_logit_fidelity,observed,100,-0.007743958205666955,-0.011113217380659185,-0.004332925632920407
two_concepts,plain2_w16_gmp,structured_template,random,centered_logit_fidelity,observed,100,0.007447122398821374,0.006210004360459166,0.008680083349748695
two_concepts,plain2_w16_gmp,structured_template,selected,centered_logit_fidelity,observed,100,-0.02411995562362682,-0.029490049593073154,-0.018850581096495386
two_concepts,tiny_gap,pixel_permuted_template,energy,centered_logit_fidelity,observed,100,0.03317084496293181,0.023994955692725865,0.04260689172643513
two_concepts,tiny_gap,pixel_permuted_template,random,centered_logit_fidelity,observed,100,-0.014892133390097624,-0.01806390601244283,-0.011607915604215018
two_concepts,tiny_gap,pixel_permuted_template,selected,centered_logit_fidelity,observed,100,0.014404287308131189,0.003746711248932157,0.02488842977312316
two_concepts,tiny_gap,structured_template,energy,centered_logit_fidelity,observed,100,0.11727245121236839,0.10420629101226565,0.12981590682869604
two_concepts,tiny_gap,structured_template,random,centered_logit_fidelity,observed,100,-0.007906029642353906,-0.010482725782887803,-0.005299014751155168
two_concepts,tiny_gap,structured_template,selected,centered_logit_fidelity,observed,100,0.09130787067023474,0.08275730964323624,0.09977949929588074
two_concepts,tiny_gmp,pixel_permuted_template,energy,centered_logit_fidelity,observed,100,-0.016489192158182786,-0.023990431920513297,-0.008834944838642052
two_concepts,tiny_gmp,pixel_permuted_template,random,centered_logit_fidelity,observed,100,0.004684716045500642,0.0034248398221102686,0.005975724240363574
two_concepts,tiny_gmp,pixel_permuted_template,selected,centered_logit_fidelity,observed,100,0.042453547059093676,0.037683880278207044,0.047310741245003965
two_concepts,tiny_gmp,structured_template,energy,centered_logit_fidelity,observed,100,-0.018671398209201953,-0.02783011141115272,-0.009278376349008369
two_concepts,tiny_gmp,structured_template,random,centered_logit_fidelity,observed,100,0.010852804791189665,0.00831720451393393,0.013321318896094296
two_concepts,tiny_gmp,structured_template,selected,centered_logit_fidelity,observed,100,0.14869003658025506,0.14002695214213898,0.15742633022654523
single_shape,plain2_w16_gap,pixel_permuted_template,energy,centered_logit_fidelity,additive,100,0.006340151182609587,-0.0002487085518905029,0.01253829776627114
single_shape,plain2_w16_gap,pixel_permuted_template,random,centered_logit_fidelity,additive,100,-0.004078500031571961,-0.0063565430551377755,-0.0017988852805656914
single_shape,plain2_w16_gap,pixel_permuted_template,selected,centered_logit_fidelity,additive,100,0.021277092152104313,0.012021691591783313,0.03059319388149485
single_shape,plain2_w16_gap,structured_template,energy,centered_logit_fidelity,additive,100,0.010088588119976885,-0.0017658324769890031,0.021650446736294654
single_shape,plain2_w16_gap,structured_template,random,centered_logit_fidelity,additive,100,-0.006217265614929234,-0.012436889566982379,-0.00014173933669107882
single_shape,plain2_w16_gap,structured_template,selected,centered_logit_fidelity,additive,100,0.05026545822318904,0.029828472429942923,0.07046767012744085
single_shape,plain2_w16_gmp,pixel_permuted_template,energy,centered_logit_fidelity,additive,100,0.004943125467441354,0.002414985828386622,0.007526344898336755
single_shape,plain2_w16_gmp,pixel_permuted_template,random,centered_logit_fidelity,additive,100,0.00017735147235978737,-0.0010579655455664667,0.0014094158372978398
single_shape,plain2_w16_gmp,pixel_permuted_template,selected,centered_logit_fidelity,additive,100,0.01288678259192091,0.00921374422456982,0.0165468814340006
single_shape,plain2_w16_gmp,structured_template,energy,centered_logit_fidelity,additive,100,0.03159480725876057,0.028808007958448,0.03432531896855509
single_shape,plain2_w16_gmp,structured_template,random,centered_logit_fidelity,additive,100,0.010571124975762585,0.009171742914395369,0.011938614784589486
single_shape,plain2_w16_gmp,structured_template,selected,centered_logit_fidelity,additive,100,0.026991256080669906,0.023244022814645094,0.03083531332617492
single_shape,tiny_gap,pixel_permuted_template,energy,centered_logit_fidelity,additive,100,-0.001171855150389713,-0.004411981190097605,0.0020101137154793203
single_shape,tiny_gap,pixel_permuted_template,random,centered_logit_fidelity,additive,100,-0.026480815387211244,-0.02805448790906457,-0.024937887667147832
single_shape,tiny_gap,pixel_permuted_template,selected,centered_logit_fidelity,additive,100,-0.034684463033093776,-0.0395948994069742,-0.029787853498231192
single_shape,tiny_gap,structured_template,energy,centered_logit_fidelity,additive,100,-0.011473830451116915,-0.01530240841591064,-0.007653126505542416
single_shape,tiny_gap,structured_template,random,centered_logit_fidelity,additive,100,-0.035276182245758764,-0.0374979729961771,-0.03311688707157265
single_shape,tiny_gap,structured_template,selected,centered_logit_fidelity,additive,100,-0.018431174779664262,-0.022432820164369458,-0.014349790958579727
single_shape,tiny_gmp,pixel_permuted_template,energy,centered_logit_fidelity,additive,100,0.007284147610184184,0.004730223509533065,0.009852836390420717
single_shape,tiny_gmp,pixel_permuted_template,random,centered_logit_fidelity,additive,100,0.009684233763983014,0.008830610267436707,0.010547917147221666
single_shape,tiny_gmp,pixel_permuted_template,selected,centered_logit_fidelity,additive,100,0.01488552710610229,0.01120019939559152,0.018576703454987773
single_shape,tiny_gmp,structured_template,energy,centered_logit_fidelity,additive,100,0.006643011358332028,0.0038119217133567676,0.009389707122764232
single_shape,tiny_gmp,structured_template,random,centered_logit_fidelity,additive,100,0.015914332779356104,0.014667311333626063,0.017179050270028227
single_shape,tiny_gmp,structured_template,selected,centered_logit_fidelity,additive,100,0.06123463917478825,0.05636018766582868,0.06621146305109206
two_concepts,plain2_w16_gap,pixel_permuted_template,energy,centered_logit_fidelity,additive,100,-0.014307470364313861,-0.022441010715448215,-0.00610907960140776
two_concepts,plain2_w16_gap,pixel_permuted_template,random,centered_logit_fidelity,additive,100,-0.0027896178873763875,-0.005506006148569707,-0.00021114945952258033
two_concepts,plain2_w16_gap,pixel_permuted_template,selected,centered_logit_fidelity,additive,100,-0.0042132963904196,-0.015395543962524402,0.007186672566079382
two_concepts,plain2_w16_gap,structured_template,energy,centered_logit_fidelity,additive,100,0.043366666503639184,0.032985387511437314,0.05362355127681839
two_concepts,plain2_w16_gap,structured_template,random,centered_logit_fidelity,additive,100,0.004249335525382031,0.0006548743455248298,0.007948603502343264
two_concepts,plain2_w16_gap,structured_template,selected,centered_logit_fidelity,additive,100,0.09160761634804947,0.07169576037150334,0.11103001244383343
two_concepts,plain2_w16_gmp,pixel_permuted_template,energy,centered_logit_fidelity,additive,100,0.004204687040161809,0.001841214957889961,0.006599252313079872
two_concepts,plain2_w16_gmp,pixel_permuted_template,random,centered_logit_fidelity,additive,100,0.004326973450655369,0.0031691255789165706,0.005457356851854152
two_concepts,plain2_w16_gmp,pixel_permuted_template,selected,centered_logit_fidelity,additive,100,0.012668545755334533,0.008577782317787854,0.016755512588429423
two_concepts,plain2_w16_gmp,structured_template,energy,centered_logit_fidelity,additive,100,-0.011758858151606592,-0.014967393881804972,-0.008685875054023537
two_concepts,plain2_w16_gmp,structured_template,random,centered_logit_fidelity,additive,100,-0.007511077599256553,-0.008906181043754343,-0.006165073014908801
two_concepts,plain2_w16_gmp,structured_template,selected,centered_logit_fidelity,additive,100,-0.03789986780265873,-0.04227279544191404,-0.03359104264146092
two_concepts,tiny_gap,pixel_permuted_template,energy,centered_logit_fidelity,additive,100,0.03317084564428256,0.023714608819407967,0.0426061827777579
two_concepts,tiny_gap,pixel_permuted_template,random,centered_logit_fidelity,additive,100,-0.014892132585572131,-0.01820705254639629,-0.011609370992866332
two_concepts,tiny_gap,pixel_permuted_template,selected,centered_logit_fidelity,additive,100,0.014404289039788609,0.0037828420348199926,0.02443408534525257
two_concepts,tiny_gap,structured_template,energy,centered_logit_fidelity,additive,100,0.11727245146016334,0.10416349893667964,0.13017316129946224
two_concepts,tiny_gap,structured_template,random,centered_logit_fidelity,additive,100,-0.007906029617032477,-0.010477489754025382,-0.005314933173704355
two_concepts,tiny_gap,structured_template,selected,centered_logit_fidelity,additive,100,0.09130787059014751,0.0829132425058315,0.1002033029858547
two_concepts,tiny_gmp,pixel_permuted_template,energy,centered_logit_fidelity,additive,100,-0.01648919218358548,-0.024133783253033766,-0.008901213404117406
two_concepts,tiny_gmp,pixel_permuted_template,random,centered_logit_fidelity,additive,100,0.004684715977894366,0.0034361737623954756,0.005991199716230737
two_concepts,tiny_gmp,pixel_permuted_template,selected,centered_logit_fidelity,additive,100,0.04245354706381576,0.03772530262364094,0.04719662459070909
two_concepts,tiny_gmp,structured_template,energy,centered_logit_fidelity,additive,100,-0.018671398198086067,-0.02792361878213576,-0.009592078726494067
two_concepts,tiny_gmp,structured_template,random,centered_logit_fidelity,additive,100,0.010852804812836807,0.00832001267622992,0.013299774296133103
two_concepts,tiny_gmp,structured_template,selected,centered_logit_fidelity,additive,100,0.14869003658801866,0.13986633508936808,0.15749730385703933
single_shape,plain2_w16_gap,pixel_permuted_template,energy,prob_error_reduction,observed,100,0.18235576689424238,0.17296299050168013,0.19181679885957867
single_shape,plain2_w16_gap,pixel_permuted_template,random,prob_error_reduction,observed,100,0.09655868504068423,0.09276445735241298,0.10042609403855662
single_shape,plain2_w16_gap,pixel_permuted_template,selected,prob_error_reduction,observed,100,0.16294667263869894,0.15141618691206674,0.17440121369232373
single_shape,plain2_w16_gap,structured_template,energy,prob_error_reduction,observed,100,0.18353027407862144,0.1731577224300644,0.1937595916013649
single_shape,plain2_w16_gap,structured_template,random,prob_error_reduction,observed,100,0.13946648025593492,0.13528136337521438,0.14359848474712356
single_shape,plain2_w16_gap,structured_template,selected,prob_error_reduction,observed,100,0.20872268285570686,0.1917819037725879,0.22531254357238004
single_shape,plain2_w16_gmp,pixel_permuted_template,energy,prob_error_reduction,observed,100,-0.0662946730307551,-0.07205145470066018,-0.060502459416316386
single_shape,plain2_w16_gmp,pixel_permuted_template,random,prob_error_reduction,observed,100,-0.06938708000517868,-0.07123512115908155,-0.06757691490358118
single_shape,plain2_w16_gmp,pixel_permuted_template,selected,prob_error_reduction,observed,100,-0.01751161123736855,-0.026923541831851607,-0.00819727146087617
single_shape,plain2_w16_gmp,structured_template,energy,prob_error_reduction,observed,100,0.007365327658669882,0.0015825142127010585,0.013018271557717674
single_shape,plain2_w16_gmp,structured_template,random,prob_error_reduction,observed,100,-0.04106041280884521,-0.043246098282998274,-0.038862611904153285
single_shape,plain2_w16_gmp,structured_template,selected,prob_error_reduction,observed,100,-0.015082998704954104,-0.02455946435930914,-0.005875052282683269
single_shape,tiny_gap,pixel_permuted_template,energy,prob_error_reduction,observed,100,0.19958585732046127,0.19538857904919535,0.20369337430919518
single_shape,tiny_gap,pixel_permuted_template,random,prob_error_reduction,observed,100,0.17653026415965517,0.17310605179800162,0.17995299471527593
single_shape,tiny_gap,pixel_permuted_template,selected,prob_error_reduction,observed,100,0.17735493476973677,0.1719057989362986,0.18265619398681376
single_shape,tiny_gap,structured_template,energy,prob_error_reduction,observed,100,0.23752471966640662,0.23203741886784734,0.24296416743422322
single_shape,tiny_gap,structured_template,random,prob_error_reduction,observed,100,0.2065328480519172,0.2024918324904992,0.2107050480972495
single_shape,tiny_gap,structured_template,selected,prob_error_reduction,observed,100,0.25799462233810433,0.2501632414058947,0.2660244682254832
single_shape,tiny_gmp,pixel_permuted_template,energy,prob_error_reduction,observed,100,0.1294976866489181,0.12188714250581033,0.1372121309396509
single_shape,tiny_gmp,pixel_permuted_template,random,prob_error_reduction,observed,100,0.09868801880705183,0.09515188147295554,0.10217148553495856
single_shape,tiny_gmp,pixel_permuted_template,selected,prob_error_reduction,observed,100,0.3048802968834843,0.297648000499748,0.31211559086318014
single_shape,tiny_gmp,structured_template,energy,prob_error_reduction,observed,100,0.10799046093525534,0.10101103713777787,0.11491460089876666
single_shape,tiny_gmp,structured_template,random,prob_error_reduction,observed,100,0.10097347770690476,0.09723075906506204,0.10452953365956213
single_shape,tiny_gmp,structured_template,selected,prob_error_reduction,observed,100,0.35242481365208245,0.3421279091178849,0.3630347653687988
two_concepts,plain2_w16_gap,pixel_permuted_template,energy,prob_error_reduction,observed,100,0.24948096793631844,0.23744882755312038,0.26183629724588164
two_concepts,plain2_w16_gap,pixel_permuted_template,random,prob_error_reduction,observed,100,0.2293919355859434,0.22274814431216003,0.23626516980288448
two_concepts,plain2_w16_gap,pixel_permuted_template,selected,prob_error_reduction,observed,100,0.3155357571905862,0.30056117903875307,0.33057897888516335
two_concepts,plain2_w16_gap,structured_template,energy,prob_error_reduction,observed,100,0.2779283358552249,0.2684608598723239,0.2877035467544775
two_concepts,plain2_w16_gap,structured_template,random,prob_error_reduction,observed,100,0.2335307485061141,0.22634715722632548,0.24070330621618027
two_concepts,plain2_w16_gap,structured_template,selected,prob_error_reduction,observed,100,0.33610366676348163,0.3204420868733427,0.35168989378886606
two_concepts,plain2_w16_gmp,pixel_permuted_template,energy,prob_error_reduction,observed,100,-0.048124700844336815,-0.056376646222341134,-0.03972158712991487
two_concepts,plain2_w16_gmp,pixel_permuted_template,random,prob_error_reduction,observed,100,-0.03169399110470216,-0.03429804653802067,-0.02919727761078425
two_concepts,plain2_w16_gmp,pixel_permuted_template,selected,prob_error_reduction,observed,100,0.014230684536088545,0.0018735156807211087,0.026283908487567197
two_concepts,plain2_w16_gmp,structured_template,energy,prob_error_reduction,observed,100,-0.10103270718466102,-0.11169824759773851,-0.0903448974332924
two_concepts,plain2_w16_gmp,structured_template,random,prob_error_reduction,observed,100,-0.02874432255465896,-0.03219403052430043,-0.02533412801806982
two_concepts,plain2_w16_gmp,structured_template,selected,prob_error_reduction,observed,100,-0.0664368240995797,-0.08214001742120744,-0.05090722259224123
two_concepts,tiny_gap,pixel_permuted_template,energy,prob_error_reduction,observed,100,0.05157634416571926,0.04873816716863555,0.054491900724165356
two_concepts,tiny_gap,pixel_permuted_template,random,prob_error_reduction,observed,100,0.04496433512444846,0.04266573248664847,0.04738309466254946
two_concepts,tiny_gap,pixel_permuted_template,selected,prob_error_reduction,observed,100,0.051024695118958074,0.048106087260459486,0.05397571495218932
two_concepts,tiny_gap,structured_template,energy,prob_error_reduction,observed,100,0.0872160026082523,0.08338265861279456,0.0909858020722306
two_concepts,tiny_gap,structured_template,random,prob_error_reduction,observed,100,0.07501807251489531,0.07246352113638449,0.07760867410541357
two_concepts,tiny_gap,structured_template,selected,prob_error_reduction,observed,100,0.09410535292345493,0.09054275348172798,0.0976636353394534
two_concepts,tiny_gmp,pixel_permuted_template,energy,prob_error_reduction,observed,100,0.2633685570451276,0.25054214467901287,0.27637613591495286
two_concepts,tiny_gmp,pixel_permuted_template,random,prob_error_reduction,observed,100,0.2486527283563493,0.24197795219971424,0.25545341370878066
two_concepts,tiny_gmp,pixel_permuted_template,selected,prob_error_reduction,observed,100,0.6452875123121189,0.6324121528093263,0.6580878270082656
two_concepts,tiny_gmp,structured_template,energy,prob_error_reduction,observed,100,0.2912807311392928,0.27603828996932045,0.30690939565239334
two_concepts,tiny_gmp,structured_template,random,prob_error_reduction,observed,100,0.2917820804680534,0.2852485232464818,0.29843869807052215
two_concepts,tiny_gmp,structured_template,selected,prob_error_reduction,observed,100,0.8448183429552393,0.8274394391607147,0.8622913891037595
single_shape,plain2_w16_gap,pixel_permuted_template,energy,prob_error_reduction,additive,100,0.17987015052312694,0.1707255925954824,0.18908535936958046
single_shape,plain2_w16_gap,pixel_permuted_template,random,prob_error_reduction,additive,100,0.0892282682321389,0.0853440056427666,0.09316969051143689
single_shape,plain2_w16_gap,pixel_permuted_template,selected,prob_error_reduction,additive,100,0.16643073710240697,0.15522646206074445,0.17767132092912732
single_shape,plain2_w16_gap,structured_template,energy,prob_error_reduction,additive,100,0.15607225818503687,0.14540825024515036,0.16654026306943323
single_shape,plain2_w16_gap,structured_template,random,prob_error_reduction,additive,100,0.130658727180308,0.12576899870057556,0.1354938745260847
single_shape,plain2_w16_gap,structured_template,selected,prob_error_reduction,additive,100,0.18482468624888276,0.16657859592319466,0.2029920492779438
single_shape,plain2_w16_gmp,pixel_permuted_template,energy,prob_error_reduction,additive,100,-0.09180504170327831,-0.09705338831787517,-0.08667223901008454
single_shape,plain2_w16_gmp,pixel_permuted_template,random,prob_error_reduction,additive,100,-0.09685671194650108,-0.09969190622672695,-0.09407286786352456
single_shape,plain2_w16_gmp,pixel_permuted_template,selected,prob_error_reduction,additive,100,-0.06222922938342056,-0.06977195140901166,-0.05450426032544836
single_shape,plain2_w16_gmp,structured_template,energy,prob_error_reduction,additive,100,-0.041177947695811755,-0.04586066213832511,-0.03657921544256296
single_shape,plain2_w16_gmp,structured_template,random,prob_error_reduction,additive,100,-0.07913506345712919,-0.08276235972165746,-0.07541831308391214
single_shape,plain2_w16_gmp,structured_template,selected,prob_error_reduction,additive,100,-0.05385900741206904,-0.06313688326025564,-0.04414807474979328
single_shape,tiny_gap,pixel_permuted_template,energy,prob_error_reduction,additive,100,0.1995858576353851,0.1953507072093782,0.20381103281335516
single_shape,tiny_gap,pixel_permuted_template,random,prob_error_reduction,additive,100,0.17653026440017855,0.17313673989272005,0.180007094490758
single_shape,tiny_gap,pixel_permuted_template,selected,prob_error_reduction,additive,100,0.17735493507663633,0.17203570270569413,0.18269856172996235
single_shape,tiny_gap,structured_template,energy,prob_error_reduction,additive,100,0.2375247197188195,0.23208304059973495,0.24293067666002385
single_shape,tiny_gap,structured_template,random,prob_error_reduction,additive,100,0.20653284812353892,0.20248415562078506,0.21062545428336552
single_shape,tiny_gap,structured_template,selected,prob_error_reduction,additive,100,0.25799462257061967,0.24985347888859483,0.2660814856816145
single_shape,tiny_gmp,pixel_permuted_template,energy,prob_error_reduction,additive,100,0.12949768761840288,0.12191194534913714,0.137298695403282
single_shape,tiny_gmp,pixel_permuted_template,random,prob_error_reduction,additive,100,0.09868801978878272,0.09517714214108716,0.10225870756382731
single_shape,tiny_gmp,pixel_permuted_template,selected,prob_error_reduction,additive,100,0.30488029662005833,0.29775957326213026,0.31193449461422246
single_shape,tiny_gmp,structured_template,energy,prob_error_reduction,additive,100,0.10799046228339834,0.10067745218278078,0.11521422802733694
single_shape,tiny_gmp,structured_template,random,prob_error_reduction,additive,100,0.10097347928296461,0.09724769112717882,0.10465069098532057
single_shape,tiny_gmp,structured_template,selected,prob_error_reduction,additive,100,0.3524248138771063,0.34248464139577456,0.362643613366334
two_concepts,plain2_w16_gap,pixel_permuted_template,energy,prob_error_reduction,additive,100,0.23284480484364892,0.2208241010834298,0.24481540563864068
two_concepts,plain2_w16_gap,pixel_permuted_template,random,prob_error_reduction,additive,100,0.21403756285279793,0.20745712132903735,0.22055723153620385
two_concepts,plain2_w16_gap,pixel_permuted_template,selected,prob_error_reduction,additive,100,0.29436122154501,0.2795799867004982,0.30957812779729815
two_concepts,plain2_w16_gap,structured_template,energy,prob_error_reduction,additive,100,0.2644221652156751,0.2551342633699892,0.2738954613653304
two_concepts,plain2_w16_gap,structured_template,random,prob_error_reduction,additive,100,0.21812161331499855,0.21136633694010548,0.22510248977949
two_concepts,plain2_w16_gap,structured_template,selected,prob_error_reduction,additive,100,0.3212822477316016,0.3059271998760437,0.33689824675273633
two_concepts,plain2_w16_gmp,pixel_permuted_template,energy,prob_error_reduction,additive,100,-0.0665246784855993,-0.07292286082444513,-0.060208540600521394
two_concepts,plain2_w16_gmp,pixel_permuted_template,random,prob_error_reduction,additive,100,-0.05513143478512102,-0.05879291048243621,-0.051395282335700024
two_concepts,plain2_w16_gmp,pixel_permuted_template,selected,prob_error_reduction,additive,100,-0.03212971488324159,-0.04062921744405662,-0.023648437342715333
two_concepts,plain2_w16_gmp,structured_template,energy,prob_error_reduction,additive,100,-0.1427231710950905,-0.15113122998756373,-0.13426550281184618
two_concepts,plain2_w16_gmp,structured_template,random,prob_error_reduction,additive,100,-0.0872006369629243,-0.09096830845447379,-0.0833820228580702
two_concepts,plain2_w16_gmp,structured_template,selected,prob_error_reduction,additive,100,-0.1374615087806818,-0.14929723436028364,-0.1257556283098499
two_concepts,tiny_gap,pixel_permuted_template,energy,prob_error_reduction,additive,100,0.0515763441311253,0.048728707211475736,0.054425618806518035
two_concepts,tiny_gap,pixel_permuted_template,random,prob_error_reduction,additive,100,0.044964335084342194,0.04266062327474724,0.04735860433958124
two_concepts,tiny_gap,pixel_permuted_template,selected,prob_error_reduction,additive,100,0.05102469512541834,0.048177196693264215,0.053997423771806156
two_concepts,tiny_gap,structured_template,energy,prob_error_reduction,additive,100,0.08721600254998893,0.08345019992560815,0.09109713242634737
two_concepts,tiny_gap,structured_template,random,prob_error_reduction,additive,100,0.07501807243495313,0.07243299931914614,0.07761479674053652
two_concepts,tiny_gap,structured_template,selected,prob_error_reduction,additive,100,0.0941053528959341,0.09057981558928999,0.09775448137586583
two_concepts,tiny_gmp,pixel_permuted_template,energy,prob_error_reduction,additive,100,0.2633685568345797,0.25030179930429103,0.27640564778445276
two_concepts,tiny_gmp,pixel_permuted_template,random,prob_error_reduction,additive,100,0.24865272793437868,0.2419475994274496,0.2555512574169257
two_concepts,tiny_gmp,pixel_permuted_template,selected,prob_error_reduction,additive,100,0.6452875124855859,0.6324071923338164,0.6582429000489066
two_concepts,tiny_gmp,structured_template,energy,prob_error_reduction,additive,100,0.2912807319977345,0.2763694577985897,0.30666497063103726
two_concepts,tiny_gmp,structured_template,random,prob_error_reduction,additive,100,0.2917820815809056,0.28523866900321554,0.29847792117402305
two_concepts,tiny_gmp,structured_template,selected,prob_error_reduction,additive,100,0.8448183431094891,0.8274163230729144,0.8618392840096125
