task,architecture,metric,curve,n,mean,ci_low,ci_high
single_shape,plain2_w16_gap,centered_logit_fidelity,additive,100,0.028988366071084733,0.006572279109890226,0.05131261186348153
single_shape,plain2_w16_gap,centered_logit_fidelity,observed,100,0.01833394308380262,-0.0024891804153294953,0.03925041155138861
single_shape,plain2_w16_gap,prob_error_reduction,additive,100,0.01839394914647582,-0.0041588981119279785,0.039528515167362895
single_shape,plain2_w16_gap,prob_error_reduction,observed,100,0.04577601021700797,0.02440404222344457,0.06639839780986403
single_shape,plain2_w16_gmp,centered_logit_fidelity,additive,100,0.014104473488748997,0.008730396756238108,0.019283390037327916
single_shape,plain2_w16_gmp,centered_logit_fidelity,observed,100,0.04115352893173124,0.03568507261925845,0.04648547988553316
single_shape,plain2_w16_gmp,prob_error_reduction,additive,100,0.008370221971351526,-0.004178237137867254,0.0205038928383029
single_shape,plain2_w16_gmp,prob_error_reduction,observed,100,0.002428612532414442,-0.01032349721691015,0.015118372046728345
single_shape,tiny_gap,centered_logit_fidelity,additive,100,0.01625328825342951,0.010347683803039598,0.022370157581638454
single_shape,tiny_gap,centered_logit_fidelity,observed,100,0.016253288106863086,0.0102009912774238,0.022317934160780296
single_shape,tiny_gap,prob_error_reduction,additive,100,0.08063968749398327,0.07142401246564122,0.08987188429546693
single_shape,tiny_gap,prob_error_reduction,observed,100,0.08063968756836763,0.07148423675438598,0.08983225287796974
single_shape,tiny_gmp,centered_logit_fidelity,additive,100,0.046349112068685944,0.03999938098450901,0.05281003910966443
single_shape,tiny_gmp,centered_logit_fidelity,observed,100,0.04634911119119934,0.040003709228741705,0.05279872242582724
single_shape,tiny_gmp,prob_error_reduction,additive,100,0.04754451725704781,0.03680356129304681,0.058907779983360935
single_shape,tiny_gmp,prob_error_reduction,observed,100,0.04754451676859805,0.0363567106153979,0.05872382548262929
two_concepts,plain2_w16_gap,centered_logit_fidelity,additive,100,0.09582091273846909,0.07440737825037654,0.11686927588639094
two_concepts,plain2_w16_gap,centered_logit_fidelity,observed,100,0.091093334764252,0.07033495690263432,0.11144492304083735
two_concepts,plain2_w16_gap,prob_error_reduction,additive,100,0.026921026186591614,0.0063845768993815175,0.046769015030093196
two_concepts,plain2_w16_gap,prob_error_reduction,observed,100,0.02056790957289543,-0.0001994781649342439,0.041045003454051425
two_concepts,plain2_w16_gmp,centered_logit_fidelity,additive,100,-0.05056841355799326,-0.056778401692199144,-0.04454663968729806
two_concepts,plain2_w16_gmp,centered_logit_fidelity,observed,100,-0.04453122013035421,-0.05180521869664335,-0.03741419079244674
two_concepts,plain2_w16_gmp,prob_error_reduction,additive,100,-0.10533179389744024,-0.1194197718534511,-0.09148375880167724
two_concepts,plain2_w16_gmp,prob_error_reduction,observed,100,-0.08066750863566824,-0.09971947612369107,-0.061739719411606137
two_concepts,tiny_gap,centered_logit_fidelity,additive,100,0.0769035815503589,0.06409519215439403,0.09049730195741611
two_concepts,tiny_gap,centered_logit_fidelity,observed,100,0.07690358336210354,0.06352945422924237,0.08998497499996023
two_concepts,tiny_gap,prob_error_reduction,additive,100,0.04308065777051578,0.03941139049862879,0.046701558245982024
two_concepts,tiny_gap,prob_error_reduction,observed,100,0.04308065780449686,0.03950280231929592,0.046758956371295464
two_concepts,tiny_gmp,centered_logit_fidelity,additive,100,0.1062364895242029,0.09648529299719347,0.11579371355773659
two_concepts,tiny_gmp,centered_logit_fidelity,observed,100,0.10623648952116138,0.09653128305504324,0.11578663199935173
two_concepts,tiny_gmp,prob_error_reduction,additive,100,0.19953083062390323,0.1785852993814123,0.22041717144654474
two_concepts,tiny_gmp,prob_error_reduction,observed,100,0.19953083064312024,0.17900288314649657,0.2203492745941293
