task,architecture,metric,selected_mean,selected_ci_low,selected_ci_high,random_mean,random_ci_low,random_ci_high,selected_minus_random_mean,selected_minus_random_ci_low,selected_minus_random_ci_high
single_shape,bn2_w16_gap,centered_logit_fidelity,-0.2701247411073082,-0.3555484310413039,-0.18470105117331254,0.5013330946973646,0.448822569729062,0.5538436196656673,-0.7714578358046726,-0.8618911884266484,-0.6810244831826969
single_shape,bn2_w16_gap,prob_error_reduction,-0.0339982595294714,-0.05722756201993513,-0.010768957039007664,0.1124925491772592,0.10330553731477418,0.12167956103974423,-0.1464908087067306,-0.16943629280791378,-0.1235453246055474
single_shape,bn2_w16_gmp,centered_logit_fidelity,0.0667674396547638,0.05789935850825836,0.07563552080126923,0.07212575164662413,0.06656206923439054,0.07768943405885773,-0.005358311991860329,-0.01432203859740174,0.003605414613681081
single_shape,bn2_w16_gmp,prob_error_reduction,0.11551723433658481,0.09685834042594665,0.13417612824722297,0.0901670040981844,0.0841563664106915,0.0961776417856773,0.025350230238400398,0.008578218048660567,0.04212224242814023
single_shape,bn4_w16_gap,centered_logit_fidelity,0.377254372642395,0.2823599507867401,0.47214879449804986,0.30683789754088847,0.25978888579473897,0.353886909287038,0.07041647510150657,-0.02440939421935444,0.16524234442236757
single_shape,bn4_w16_gap,prob_error_reduction,0.038334995619952676,0.015305786888047002,0.061364204351858354,0.032540167314000425,0.027643333633491654,0.037437000994509195,0.005794828305952251,-0.017157959061446997,0.0287476156733515
single_shape,bn4_w16_gmp,centered_logit_fidelity,0.002785044847852308,-0.001754420316913024,0.00732451001261764,0.0039955962097410706,0.0026273025766055365,0.005363889842876605,-0.001210551361888762,-0.005883485736383637,0.0034623830126061135
single_shape,bn4_w16_gmp,prob_error_reduction,0.010161498673260211,0.0022064352986590503,0.01811656204786137,0.007477635382674635,0.005986857760484511,0.008968413004864758,0.0026838632905855776,-0.00500477793887249,0.010372504520043646
single_shape,plain2_w16_gap,centered_logit_fidelity,0.04487539124108467,0.027547768594840906,0.06220301388732843,0.0035767936645452227,-0.0006979217587776282,0.007851509087868073,0.04129859757653945,0.02499270739847666,0.05760448775460224
single_shape,plain2_w16_gap,prob_error_reduction,0.2026047917548567,0.1867543215214035,0.21845526198830992,0.1339488148095552,0.1300748681766056,0.1378227614425048,0.06865597694530151,0.05347229166031053,0.0838396622302925
single_shape,plain2_w16_gmp,centered_logit_fidelity,0.052513511926498425,0.04878050915045218,0.05624651470254467,0.008443368073483126,0.007633072431836058,0.009253663715130193,0.044070143853015296,0.04032246915376735,0.04781781855226324
single_shape,plain2_w16_gmp,prob_error_reduction,-0.020305387154221536,-0.030568938225390203,-0.010041836083052869,-0.040859253951348366,-0.04302121520596624,-0.038697292696730494,0.02055386679712683,0.01037189399553516,0.0307358395987185
single_shape,plain2_w64_gap,centered_logit_fidelity,0.04318391525845709,0.031594271903135705,0.05477355861377848,-0.008184944689810576,-0.011219315065992268,-0.005150574313628886,0.05136885994826767,0.040799544852038065,0.06193817504449727
single_shape,plain2_w64_gap,prob_error_reduction,0.1525119547918439,0.1352385564445074,0.1697853531391804,0.08819510925095528,0.0842836992856564,0.09210651921625415,0.06431684554088861,0.04663401692018418,0.08199967416159304
single_shape,plain2_w64_gmp,centered_logit_fidelity,0.03206520401653521,0.030039043751055296,0.034091364282015126,0.0037487129402182483,0.0032861066842012764,0.00421131919623522,0.028316491076316955,0.026304638808546003,0.030328343344087908
single_shape,plain2_w64_gmp,prob_error_reduction,-0.04630363557487726,-0.05233228820425161,-0.040274982945502906,-0.03521367638837546,-0.03659572733191661,-0.03383162544483432,-0.011089959186501802,-0.017055323215146582,-0.005124595157857021
single_shape,plain4_w16_gap,centered_logit_fidelity,0.1551232608145704,0.12483114597240744,0.18541537565673336,0.03106331263770317,0.022164239249559303,0.039962386025847035,0.12405994817686723,0.09771782042814386,0.1504020759255906
single_shape,plain4_w16_gap,prob_error_reduction,0.14749541954137385,0.1267223475509851,0.1682684915317626,0.03182823034294415,0.025814745870248602,0.0378417148156397,0.11566718919842969,0.09604247812133117,0.1352919002755282
single_shape,plain4_w16_gmp,centered_logit_fidelity,0.01434259979926798,0.011864310975026519,0.016820888623509438,0.0008854576214626667,0.0004932255304538446,0.0012776897124714887,0.01345714217780531,0.010927656950148707,0.015986627405461914
single_shape,plain4_w16_gmp,prob_error_reduction,0.011542917266488074,0.005690636271575452,0.017395198261400697,-0.005675097345374525,-0.006738461214265528,-0.004611733476483521,0.0172180146118626,0.011541553718185608,0.02289447550553959
single_shape,plain4_w64_gap,centered_logit_fidelity,0.08076643459904771,0.06151632313782048,0.10001654606027494,0.007951736575105551,0.002256580434099561,0.01364689271611154,0.07281469802394215,0.0553975955487121,0.0902318004991722
single_shape,plain4_w64_gap,prob_error_reduction,0.09225429391488432,0.07253147420811122,0.11197711362165742,0.005480181273305788,0.0006885668229801335,0.010271795723631443,0.08677411264157854,0.06696210338002971,0.10658612190312737
single_shape,plain4_w64_gmp,centered_logit_fidelity,0.002140396533841049,0.0015574953396684966,0.002723297728013602,-0.0005501292611044473,-0.0006937356779467722,-0.00040652284426212243,0.002690525794945497,0.002102641963869727,0.0032784096260212673
single_shape,plain4_w64_gmp,prob_error_reduction,0.001467980369925499,-0.0003971197196049568,0.0033330804594559546,-0.002798693934455514,-0.003162501823612879,-0.0024348860452981487,0.004266674304381013,0.002455013978600421,0.0060783346301616055
single_shape,res4_w16_gap,centered_logit_fidelity,0.1538694838983929,0.1294813131960602,0.17825765460072557,0.031802704555296234,0.02337292911012878,0.040232480000463686,0.12206677934309663,0.09958807441899843,0.14454548426719482
single_shape,res4_w16_gap,prob_error_reduction,0.1240884816646576,0.10411300158007719,0.144063961749238,0.022020238521508872,0.017352964762713634,0.02668751228030411,0.10206824314314872,0.08264200904012596,0.12149447724617148
single_shape,res4_w16_gmp,centered_logit_fidelity,0.013941572454893818,0.011734231007929825,0.01614891390185781,0.0008925044323296436,0.0006043270523161663,0.001180681812343121,0.013049068022564171,0.010861240692175523,0.01523689535295282
single_shape,res4_w16_gmp,prob_error_reduction,0.01939885064959526,0.014067287537828618,0.024730413761361904,-0.004368640943430364,-0.005117887103506935,-0.003619394783353794,0.023767491593025623,0.018510569234323804,0.029024413951727442
single_shape,tiny_gap,centered_logit_fidelity,-0.013547271460480641,-0.017649968602535114,-0.009444574318426168,-0.033521401742958694,-0.035576117657099345,-0.03146668582881804,0.019974130282478058,0.015395517534561039,0.024552743030395077
single_shape,tiny_gap,prob_error_reduction,0.26435307690640913,0.25673068665399723,0.27197546715882104,0.2121867516200291,0.20783423207963128,0.2165392711604269,0.052166325286380016,0.047175736887793335,0.0571569136849667
single_shape,tiny_gmp,centered_logit_fidelity,0.05689552099853258,0.0521897521653552,0.06160128983170996,0.014536551014242359,0.013466442649944288,0.01560665937854043,0.04235896998429021,0.03761337670132924,0.047104563267251175
single_shape,tiny_gmp,prob_error_reduction,0.34592861955054105,0.3344286955668024,0.3574285435342797,0.09675692060263827,0.09298481329327567,0.10052902791200087,0.24917169894790278,0.23731278158238522,0.26103061631342034
two_concepts,bn2_w16_gap,centered_logit_fidelity,-0.13816720280241337,-0.19596519161444992,-0.08036921399037682,0.24213589224868998,0.22482352465227068,0.2594482598451093,-0.3803030950511034,-0.4396060295312487,-0.32100016057095804
two_concepts,bn2_w16_gap,prob_error_reduction,-0.03899207196896896,-0.07056487678020879,-0.0074192671577291355,0.21958838814578485,0.20653206483302164,0.23264471145854806,-0.25858046011475383,-0.28877637224553665,-0.22838454798397098
two_concepts,bn2_w16_gmp,centered_logit_fidelity,0.01649964678515319,0.00243565232517666,0.030563641245129718,0.05965995376343351,0.0516196185517009,0.06770028897516613,-0.04316030697828031,-0.05732110418811572,-0.028999509768444905
two_concepts,bn2_w16_gmp,prob_error_reduction,0.012710641850717366,-0.01275736098364181,0.03817864468507654,0.08880937615525909,0.07984915522026861,0.09776959709024957,-0.07609873430454173,-0.10141291484171397,-0.050784553767369484
two_concepts,bn4_w16_gap,centered_logit_fidelity,0.14450255933985093,0.1176716131769587,0.17133350550274315,0.04207670916537667,0.036418083517080826,0.04773533481367251,0.10242585017447428,0.07528664128655813,0.12956505906239044
two_concepts,bn4_w16_gap,prob_error_reduction,0.07570348741486668,0.05315324092185016,0.0982537339078832,0.05673427401954541,0.050466283310669324,0.06300226472842149,0.018969213395321274,-0.0036032611841816213,0.041541687974824174
two_concepts,bn4_w16_gmp,centered_logit_fidelity,0.013176304797875073,0.006296625393279003,0.020055984202471143,0.005012276359747826,0.003469769332525776,0.006554783386969875,0.00816402843812725,0.0012625454610919887,0.015065511415162512
two_concepts,bn4_w16_gmp,prob_error_reduction,-0.002345316242426634,-0.01626913905242421,0.01157850656757094,0.0019071932291262782,-0.00024666881220542663,0.004061055270457983,-0.004252509471552912,-0.018137361608041812,0.00963234266493599
two_concepts,plain2_w16_gap,centered_logit_fidelity,0.09362257302349279,0.07339380798671123,0.11385133806027435,0.016507406840032893,0.01322056758907684,0.019794246090988944,0.07711516618345991,0.05668504774650071,0.09754528462041911
two_concepts,plain2_w16_gap,prob_error_reduction,0.33477319896686825,0.32070244799821795,0.34884394993551854,0.23166218190453947,0.22511263603376785,0.23821172777531108,0.10311101706232875,0.08911316610379925,0.11710886802085825
two_concepts,plain2_w16_gmp,centered_logit_fidelity,-0.016681360073252015,-0.022726056131072158,-0.010636664015431872,0.008661207677793381,0.007451889085776486,0.009870526269810276,-0.025342567751045396,-0.031468974242925656,-0.019216161259165136
two_concepts,plain2_w16_gmp,prob_error_reduction,-0.05808355458080769,-0.07574579094631645,-0.040421318215298936,-0.023718031105818226,-0.027090310725435954,-0.0203457514862005,-0.03436552347498946,-0.05262477353194736,-0.016106273418031558
two_concepts,plain2_w64_gap,centered_logit_fidelity,0.22129026847748726,0.20219831108130665,0.24038222587366787,0.01817957076123299,0.015359633670789722,0.020999507851676258,0.20311069771625434,0.18395154769447616,0.22226984773803252
two_concepts,plain2_w64_gap,prob_error_reduction,0.3247428636625409,0.3045415780500351,0.3449441492750467,0.20656548337166897,0.20117842427167187,0.21195254247166606,0.11817738029087195,0.09777565197025323,0.13857910861149067
two_concepts,plain2_w64_gmp,centered_logit_fidelity,-0.00720534866357005,-0.011271506358061067,-0.003139190969079033,0.004320182851468393,0.00355098099046509,0.005089384712471695,-0.01152553151503844,-0.015622560870412139,-0.007428502159664739
two_concepts,plain2_w64_gmp,prob_error_reduction,-0.002051385510712862,-0.015211730896885801,0.011108959875460078,-0.030977984525961802,-0.03361042927884834,-0.02834553977307527,0.02892659901524894,0.015140910847510186,0.04271228718298769
two_concepts,plain4_w16_gap,centered_logit_fidelity,0.02770863843959246,0.013847014651097864,0.04157026222808706,0.008932713043409715,0.006526911139701475,0.011338514947117954,0.018775925396182745,0.005170003290879814,0.03238184750148568
two_concepts,plain4_w16_gap,prob_error_reduction,0.11600727666169405,0.09919975921139816,0.13281479411198993,0.03077253755298443,0.023492622222354886,0.038052452883613974,0.08523473910870961,0.06897681804140607,0.10149266017601316
two_concepts,plain4_w16_gmp,centered_logit_fidelity,-0.01676115952108384,-0.021115810811233263,-0.012406508230934418,0.002812848291362209,0.00196704185011967,0.0036586547326047476,-0.01957400781244605,-0.023971766020783866,-0.015176249604108233
two_concepts,plain4_w16_gmp,prob_error_reduction,-0.05613531241193414,-0.06753821699769454,-0.04473240782617374,-0.007969111364800482,-0.009905376381319178,-0.006032846348281788,-0.04816620104713366,-0.059589585024704864,-0.03674281706956245
two_concepts,plain4_w64_gap,centered_logit_fidelity,0.05112052527595254,0.040806171197471555,0.06143487935443352,0.003992441362054909,0.0021501206945173266,0.005834762029592491,0.04712808391389764,0.03682106044330235,0.05743510738449293
two_concepts,plain4_w64_gap,prob_error_reduction,0.0013092977134510876,-0.014991106256373458,0.017609701683275632,-0.0024644243204966186,-0.009838565622512027,0.00490971698151879,0.0037737220339477064,-0.012715156830784082,0.020262600898679494
two_concepts,plain4_w64_gmp,centered_logit_fidelity,-0.004858616286822326,-0.006778172364647223,-0.0029390602089974286,0.0003225411915804924,4.3730355320573545e-05,0.0006013520278404113,-0.00518115747840282,-0.0071226916415164454,-0.0032396233152891954
two_concepts,plain4_w64_gmp,prob_error_reduction,-0.023797275368124246,-0.02816944629525433,-0.019425104440994163,-0.004033037777990103,-0.004879173818532618,-0.0031869017374475876,-0.019764237590134143,-0.024255238578976705,-0.015273236601291582
two_concepts,res4_w16_gap,centered_logit_fidelity,0.04435178861518724,0.02762266010043448,0.061080917129939995,0.008334212476745801,0.0062040102000753255,0.010464414753416277,0.036017576138441434,0.019664789807962872,0.05237036246892
two_concepts,res4_w16_gap,prob_error_reduction,0.09740101331844926,0.07556966375442584,0.11923236288247269,0.025609170515090228,0.01684489211375086,0.0343734489164296,0.07179184280335903,0.04991228080587545,0.0936714048008426
two_concepts,res4_w16_gmp,centered_logit_fidelity,-0.017473830637360074,-0.0216227360193522,-0.013324925255367947,0.0016894249544678512,0.0010247462100899652,0.002354103698845737,-0.019163255591827924,-0.023421181384150565,-0.014905329799505282
two_concepts,res4_w16_gmp,prob_error_reduction,-0.04480225579813123,-0.05537826465113645,-0.03422624694512601,-0.008209966595750302,-0.009899353929998087,-0.006520579261502517,-0.036592289202380925,-0.047276087372890706,-0.025908491031871143
two_concepts,tiny_gap,centered_logit_fidelity,0.08492618728756007,0.07643302844349793,0.09341934613162221,-0.006559075817378587,-0.009425439480658987,-0.003692712154098186,0.09148526310493868,0.0827960073341746,0.10017451887570276
two_concepts,tiny_gap,prob_error_reduction,0.09435830475311377,0.09014539570518515,0.09857121380104239,0.07554617848253656,0.07257627297842502,0.0785160839866481,0.01881212627057721,0.016965366400467106,0.02065888614068731
two_concepts,tiny_gmp,centered_logit_fidelity,0.1455765030257962,0.13516561384630135,0.15598739220529104,0.011425918961277442,0.00884304434855673,0.014008793573998153,0.1341505840645188,0.12413600710896691,0.14416516102007068
two_concepts,tiny_gmp,prob_error_reduction,0.8315121474791886,0.8122263136917091,0.8507979812666681,0.2961524826371897,0.28956711942833907,0.3027378458460403,0.5353596648419989,0.5153099383170825,0.5554093913669154
