task,metric,contrast,architecture,n,mean,sd,ci_low,ci_high,t_stat,p_two_sided,p_holm_within_task_metric_contrast
single_shape,centered_logit_fidelity,structured - pixel_permuted,plain2_w16_gap,100,0.01833394625420805,0.10843747689623663,-0.0031824017302692666,0.03985029423868537,1.6907389196957918,0.0940328501522067,0.0940328501522067
single_shape,centered_logit_fidelity,structured - pixel_permuted,plain2_w16_gmp,100,0.04115352657107565,0.027690194504167112,0.03565919123828631,0.04664786190386499,14.862129828984202,5.86704837898743e-27,2.346819351594972e-26
single_shape,centered_logit_fidelity,structured - pixel_permuted,tiny_gap,100,0.016253285826440526,0.03108241964140323,0.010085859431561036,0.022420712221320017,5.229092848611565,9.507593169677463e-07,1.9015186339354927e-06
single_shape,centered_logit_fidelity,structured - pixel_permuted,tiny_gmp,100,0.04634910657135777,0.03279778535816645,0.0398413144031411,0.052856898739574436,14.131779345832298,1.7685872122800813e-25,5.305761636840244e-25
single_shape,centered_logit_fidelity,pixel_permuted - random_rank10,plain2_w16_gap,100,-0.0017485006259531587,0.06968924470812006,-0.015576358695263743,0.012079357443357424,-0.2508996378532176,0.8024117086098896,1.0
single_shape,centered_logit_fidelity,pixel_permuted - random_rank10,plain2_w16_gmp,100,-0.0016625880290996175,0.02642777263879897,-0.00690643147535728,0.0035812554171580453,-0.6291063767737843,0.5307284085680251,1.0
single_shape,centered_logit_fidelity,pixel_permuted - random_rank10,tiny_gap,100,-0.0003920166407515388,0.0314123759534513,-0.006624913526395901,0.005840880244892824,-0.12479687666175013,0.9009374162924595,1.0
single_shape,centered_logit_fidelity,pixel_permuted - random_rank10,tiny_gmp,100,0.0027215942875282715,0.028494379357296446,-0.002932308767039898,0.00837549734209644,0.9551337312533403,0.34183653546846277,1.0
single_shape,centered_logit_fidelity,random_rank10 - random_fullrank,plain2_w16_gap,100,0.008094206698720593,0.06142773610172867,-0.004094388828342104,0.02028280222578329,1.317679473864382,0.1906521485929937,0.7626085943719748
single_shape,centered_logit_fidelity,random_rank10 - random_fullrank,plain2_w16_gmp,100,-0.0029668648304262218,0.025206111612103038,-0.00796830422485763,0.0020345745640051867,-1.1770418524218718,0.24200094870948838,0.7626085943719748
single_shape,centered_logit_fidelity,random_rank10 - random_fullrank,tiny_gap,100,0.0032992481745488886,0.03235697732321915,-0.0031210781161339846,0.009719574465231761,1.0196404137482182,0.310384318182215,0.7626085943719748
single_shape,centered_logit_fidelity,random_rank10 - random_fullrank,tiny_gmp,100,-0.0005656567327345308,0.027422295987107187,-0.0060068351876383565,0.0048755217221692956,-0.2062762115179848,0.8369987816659038,0.8369987816659038
single_shape,centered_logit_fidelity,structured - random_fullrank,plain2_w16_gap,100,0.024679652326975488,0.10723856592146261,0.0034011942904571303,0.04595811036349384,2.301378437403752,0.023466340365749162,0.023466340365749162
single_shape,centered_logit_fidelity,structured - random_fullrank,plain2_w16_gmp,100,0.036524073711549816,0.024253012324144525,0.03171174989348963,0.041336397529610006,15.059602998341417,2.3617817169529787e-27,9.447126867811915e-27
single_shape,centered_logit_fidelity,structured - random_fullrank,tiny_gap,100,0.019160517360237876,0.02634350544616009,0.01393339435318988,0.02438764036728587,7.273336268552965,8.336677741704051e-11,1.6673355483408103e-10
single_shape,centered_logit_fidelity,structured - random_fullrank,tiny_gmp,100,0.04850504412615151,0.03247729511247477,0.0420608441757668,0.05494924407653622,14.935062774830767,4.190130133915853e-27,1.2570390401747558e-26
single_shape,prob_error_reduction,structured - pixel_permuted,plain2_w16_gap,100,0.04577602065168321,0.107179150070427,0.02450935200904663,0.06704268929431978,4.270981867425144,4.473381337816043e-05,8.946762675632086e-05
single_shape,prob_error_reduction,structured - pixel_permuted,plain2_w16_gmp,100,0.0024286195263266562,0.06468936891884494,-0.010407154713293306,0.015264393765946618,0.375427920679431,0.7081454169174649,0.7081454169174649
single_shape,prob_error_reduction,structured - pixel_permuted,tiny_gap,100,0.08063968347385525,0.04685791528947169,0.07134205649051824,0.08993731045719226,17.209404852028033,1.613264505016626e-31,6.453058020066504e-31
single_shape,prob_error_reduction,structured - pixel_permuted,tiny_gmp,100,0.04754452198278159,0.05727536150268771,0.036179847662594286,0.0589091963029689,8.301042670948574,5.413128594866243e-13,1.623938578459873e-12
single_shape,prob_error_reduction,pixel_permuted - random_rank10,plain2_w16_gap,100,0.017095765667036175,0.08493360163145038,0.00024309645539501504,0.03394843487867734,2.0128388928117373,0.04684699643395399,0.14054098930186198
single_shape,prob_error_reduction,pixel_permuted - random_rank10,plain2_w16_gmp,100,0.006190793141722679,0.061569777949516895,-0.006025986569561624,0.01840757285300698,1.0054921989159542,0.31711120071587834,0.6342224014317567
single_shape,prob_error_reduction,pixel_permuted - random_rank10,tiny_gap,100,-0.0036394804320298135,0.04259308479133716,-0.012090872518362694,0.004811911654303067,-0.8544768358196101,0.39490384518696153,0.6342224014317567
single_shape,prob_error_reduction,pixel_permuted - random_rank10,tiny_gmp,100,0.014867489873431623,0.05630495339115408,0.003695365575730518,0.02603961417113273,2.640529647568701,0.009619301256410525,0.0384772050256421
single_shape,prob_error_reduction,random_rank10 - random_fullrank,plain2_w16_gap,100,0.004235757999122142,0.07446927719035809,-0.010540562218227483,0.019012078216471766,0.5687926832289124,0.5707849353399477,1.0
single_shape,prob_error_reduction,random_rank10 - random_fullrank,plain2_w16_gmp,100,0.0027979766950011254,0.059309822066996844,-0.008970378739089804,0.014566332129092054,0.4717560426737596,0.6381390207615691,1.0
single_shape,prob_error_reduction,random_rank10 - random_fullrank,tiny_gap,100,0.002802216089330614,0.03537444357001965,-0.004216840969126398,0.009821273147787626,0.7921583512074045,0.4301624309189294,1.0
single_shape,prob_error_reduction,random_rank10 - random_fullrank,tiny_gmp,100,0.003771870592609048,0.05386354851853738,-0.006915826011698882,0.014459567196916979,0.7002640368766165,0.48540483619219416,1.0
single_shape,prob_error_reduction,structured - random_fullrank,plain2_w16_gap,100,0.06710754431784154,0.11240042114392357,0.04480486221791899,0.08941022641776408,5.970399722249565,3.7094357010721246e-08,7.418871402144249e-08
single_shape,prob_error_reduction,structured - random_fullrank,plain2_w16_gmp,100,0.011417389363050461,0.059167416914889484,-0.00032270979936000095,0.02315748852546092,1.9296751418900076,0.05650974263771743,0.05650974263771743
single_shape,prob_error_reduction,structured - random_fullrank,tiny_gap,100,0.07980241913115606,0.041592667090619,0.07154953162086639,0.08805530664144573,19.186655897129295,3.985394351974579e-35,1.5941577407898315e-34
single_shape,prob_error_reduction,structured - random_fullrank,tiny_gmp,100,0.06618388244882226,0.06413207351042575,0.05345868770884496,0.07890907718879955,10.31993491338822,2.1952859803876173e-17,6.585857941162852e-17
two_concepts,centered_logit_fidelity,structured - pixel_permuted,plain2_w16_gap,100,0.09109333494224262,0.10571078274463286,0.07011802223350566,0.11206864765097957,8.6172226311386,1.1226684771450248e-13,1.1226684771450248e-13
two_concepts,centered_logit_fidelity,structured - pixel_permuted,plain2_w16_gmp,100,-0.04453121802416187,0.036996623883404633,-0.05187215085025371,-0.037190285198070036,-12.036562623795785,4.285902761040616e-21,1.2857708283121847e-20
two_concepts,centered_logit_fidelity,structured - pixel_permuted,tiny_gap,100,0.0769035791449202,0.06764457079952435,0.06348142873859983,0.09032572955124057,11.368773315575675,1.1640823321888526e-19,2.328164664377705e-19
two_concepts,centered_logit_fidelity,structured - pixel_permuted,tiny_gmp,100,0.10623649308538605,0.049303532642446614,0.09645360256116237,0.11601938360960973,21.547440394549835,3.6872906090358907e-39,1.4749162436143563e-38
two_concepts,centered_logit_fidelity,pixel_permuted - random_rank10,plain2_w16_gap,100,-0.004643025833057559,0.09370843017195483,-0.023236811398432044,0.013950759732316926,-0.495475788521653,0.621362350376258,1.0
two_concepts,centered_logit_fidelity,pixel_permuted - random_rank10,plain2_w16_gmp,100,0.003808794166743369,0.03522074738382988,-0.0031797662339104514,0.01079735456739719,1.081406400959003,0.2821435577588177,1.0
two_concepts,centered_logit_fidelity,pixel_permuted - random_rank10,tiny_gap,100,-0.0013293919232859272,0.0737024071572612,-0.015953548488702105,0.013294764642130249,-0.18037293143619595,0.8572285157775653,1.0
two_concepts,centered_logit_fidelity,pixel_permuted - random_rank10,tiny_gmp,100,0.001220190905951518,0.03426823208180185,-0.005579369793809355,0.00801975160571239,0.3560705737718814,0.722545379659711,1.0
two_concepts,centered_logit_fidelity,random_rank10 - random_fullrank,plain2_w16_gap,100,-0.0036341507601556737,0.09541482930978723,-0.02256652293507611,0.015298221414764761,-0.38087902964816167,0.7041091053215667,1.0
two_concepts,centered_logit_fidelity,random_rank10 - random_fullrank,plain2_w16_gmp,100,0.0009069906245875231,0.0368288019755765,-0.0064006426940683,0.008214623943243345,0.24627209573338976,0.8059815052691324,1.0
two_concepts,centered_logit_fidelity,random_rank10 - random_fullrank,tiny_gap,100,0.0023164326405589047,0.06827870738263883,-0.011231544221545157,0.015864409502662966,0.33926134945371006,0.7351314642126747,1.0
two_concepts,centered_logit_fidelity,random_rank10 - random_fullrank,tiny_gmp,100,0.0009040142754213391,0.03658601757731813,-0.006355445351373986,0.008163473902216663,0.24709283362444778,0.8053480665876545,1.0
two_concepts,centered_logit_fidelity,structured - random_fullrank,plain2_w16_gap,100,0.08281615834902936,0.1208059234602739,0.05884564223083669,0.10678667446722204,6.855306095670285,6.161843315192456e-10,6.161843315192456e-10
two_concepts,centered_logit_fidelity,structured - random_fullrank,plain2_w16_gmp,100,-0.03981543323283099,0.03619274743995491,-0.04699685953231543,-0.032634006933346546,-11.000942467516799,7.267257684058295e-19,2.1801773052174886e-18
two_concepts,centered_logit_fidelity,structured - random_fullrank,tiny_gap,100,0.07789061986219317,0.07094227110579257,0.06381413417097788,0.09196710555340847,10.979437033533769,8.090505387477962e-19,2.1801773052174886e-18
two_concepts,centered_logit_fidelity,structured - random_fullrank,tiny_gmp,100,0.10836069826675887,0.05088091180136757,0.09826482149591417,0.11845657503760357,21.296925395084283,9.575510599621125e-39,3.83020423984845e-38
two_concepts,prob_error_reduction,structured - pixel_permuted,plain2_w16_gap,100,0.02056790825794451,0.1062042922482679,-0.0005053274430805998,0.04164114395896962,1.9366362528798784,0.055640940735850845,0.055640940735850845
two_concepts,prob_error_reduction,structured - pixel_permuted,plain2_w16_gmp,100,-0.08066750062629581,0.09774927983103053,-0.10006307843090531,-0.06127192282168631,-8.252490531463526,6.887057442582718e-13,1.3774114885165435e-12
two_concepts,prob_error_reduction,structured - pixel_permuted,tiny_gap,100,0.043080657710997915,0.018652677076755886,0.039379561906181276,0.04678175351581455,23.096233068165354,1.1825521869595823e-41,4.730208747838329e-41
two_concepts,prob_error_reduction,structured - pixel_permuted,tiny_gmp,100,0.1995308280050449,0.10692831021774105,0.17831393143119162,0.22074772457889819,18.660243260062263,3.4675743636431154e-34,1.0402723090929346e-33
two_concepts,prob_error_reduction,pixel_permuted - random_rank10,plain2_w16_gap,100,-0.002799255372956395,0.09875367054806286,-0.02239412608624106,0.01679561534032827,-0.28345836234958105,0.7774174122722964,1.0
two_concepts,prob_error_reduction,pixel_permuted - random_rank10,plain2_w16_gmp,100,-0.0011438760906457902,0.08819132781562623,-0.01864294885411382,0.016355196672822238,-0.12970391975922965,0.897063846390912,1.0
two_concepts,prob_error_reduction,pixel_permuted - random_rank10,tiny_gap,100,-0.0035378174161087373,0.019854513015008374,-0.007477383545096013,0.0004017487128785387,-1.7818706575348582,0.07783639734579688,0.3113455893831875
two_concepts,prob_error_reduction,pixel_permuted - random_rank10,tiny_gmp,100,0.004045716050859483,0.08269528654339849,-0.012362822886711257,0.020454254988430225,0.4892317591446147,0.6257598105476918,1.0
two_concepts,prob_error_reduction,random_rank10 - random_fullrank,plain2_w16_gap,100,0.004719444183865562,0.0906442098895163,-0.013266333598727979,0.0227052219664591,0.5206558907202083,0.6037690442525455,1.0
two_concepts,prob_error_reduction,random_rank10 - random_fullrank,plain2_w16_gmp,100,-0.0017816745676100254,0.09814446865157107,-0.02125566640789893,0.01769231727267888,-0.18153591252658993,0.8563181100246435,1.0
two_concepts,prob_error_reduction,random_rank10 - random_fullrank,tiny_gap,100,-0.002973656197646051,0.01743563788711249,-0.00643326502337915,0.00048595262808704765,-1.7055046777749505,0.09123613460891113,0.3649445384356445
two_concepts,prob_error_reduction,random_rank10 - random_fullrank,tiny_gmp,100,-0.006188234651162929,0.08532471036554432,-0.023118508320814364,0.010742039018488504,-0.7252570356994558,0.4700052114536345,1.0
two_concepts,prob_error_reduction,structured - random_fullrank,plain2_w16_gap,100,0.022488097068853675,0.11686807128286786,-0.0007010637450139447,0.0456772578827213,1.9242293315873595,0.057197389834007746,0.057197389834007746
two_concepts,prob_error_reduction,structured - random_fullrank,plain2_w16_gmp,100,-0.08359305128455162,0.09582517249955541,-0.10260684445078266,-0.06457925811832058,-8.723496040139084,6.605463317003557e-14,1.3210926634007114e-13
two_concepts,prob_error_reduction,structured - random_fullrank,tiny_gap,100,0.03656918409724312,0.017597090610636083,0.03307753954842049,0.04006082864606575,20.78138080117623,6.983305663768299e-38,2.7933222655073195e-37
two_concepts,prob_error_reduction,structured - random_fullrank,tiny_gmp,100,0.19738830940474145,0.10728634000797899,0.17610037195299186,0.21867624685649104,18.398270403302185,1.0308479843714052e-33,3.0925439531142155e-33
